1 35748 2048
2001 36136 2048
6001 60292 4096
8001 74664 4096
4001 71012 4096
2 36168 2048
2002 60212 4096
6002 60380 4096
8002 60268 4096
4002 74704 4096
3 58420 4096
6003 35388 2048
2003 60352 4096
8003 36084 2048
4003 36216 2048
4 36120 2048
8004 36076 2048
6004 60324 4096
4004 35808 2048
2004 69732 4096
5 34348 2048
8005 35232 2048
6005 27064 2048
4005 36092 2048
2005 59800 4096
6 60276 4096
6006 60336 4096
8006 77592 4096
4006 60120 4096
7 32040 2048
2006 60320 4096
6007 36196 2048
8007 36140 2048
8 36064 2048
4007 70972 4096
2007 71412 4096
9 33700 2048
6008 60184 4096
8008 70888 4096
4008 36180 2048
8009 16004 1024
10 35944 2048
6009 35092 2048
4009 35820 2048
2008 60348 4096
8010 32184 2048
6010 32148 2048
11 36104 2048
2009 36044 2048
4010 60420 4096
12 36040 2048
6011 35784 2048
8011 70700 4096
2010 59708 4096
6012 36060 2048
13 35052 2048
4011 71344 4096
8012 60064 4096
14 35100 2048
2011 58588 4096
6013 60260 4096
4012 34324 2048
8013 59544 4096
2012 35492 2048
6014 36120 2048
4013 34344 2048
15 71352 4096
4014 32088 2048
6015 36128 2048
8014 60324 4096
2013 58656 4096
16 60272 4096
4015 35708 2048
6016 34344 2048
2014 36136 2048
17 35028 2048
8015 78016 4096
4016 36180 2048
6017 60216 4096
2015 76476 4096
8016 51220 4096
18 70688 4096
4017 71476 4096
6018 71528 4096
19 34376 2048
2016 60268 4096
8017 75956 4096
4018 60344 4096
6019 32156 2048
20 35760 2048
8018 35828 2048
4019 35684 2048
2017 76488 4096
21 35388 2048
8019 16020 1024
6020 74008 4096
22 15876 1024
4020 36104 2048
2018 34388 2048
8020 36204 2048
2019 26900 2048
23 36124 2048
4021 35284 2048
6021 76400 4096
8021 51048 4096
6022 14160 1024
24 36232 2048
2020 60388 4096
4022 76512 4096
8022 35912 2048
25 35156 2048
6023 60432 4096
4023 36084 2048
26 35168 2048
2021 78728 4096
8023 70692 4096
6024 59488 4096
2022 36112 2048
4024 76032 4096
8024 36216 2048
27 76336 4096
6025 36140 2048
2023 49616 4096
4025 36096 2048
8025 60264 4096
28 71300 4096
2024 36072 2048
4026 34344 2048
6026 75548 4096
8026 78636 4096
29 60304 4096
4027 71480 4096
6027 56292 4096
2025 69680 4096
8027 36132 2048
2026 35888 2048
30 51236 4096
4028 36052 2048
6028 74476 4096
31 35404 2048
2027 35412 2048
4029 35472 2048
8028 71408 4096
6029 35368 2048
32 35744 2048
4030 34524 2048
2028 71396 4096
6030 36216 2048
8029 76572 4096
4031 35828 2048
33 71292 4096
2029 58656 4096
6031 60360 4096
8030 60212 4096
34 32004 2048
4032 77824 4096
2030 36084 2048
6032 36148 2048
35 36124 2048
8031 56280 4096
2031 35828 2048
4033 60296 4096
6033 36144 2048
36 31972 2048
6034 36144 2048
8032 71684 4096
4034 59980 4096
2032 71484 4096
37 60288 4096
6035 59284 4096
8033 75552 4096
38 36152 2048
2033 60340 4096
4035 70688 4096
6036 36124 2048
39 36108 2048
2034 35968 2048
8034 71368 4096
4036 71368 4096
6037 60284 4096
40 60212 4096
2035 70940 4096
4037 36036 2048
8035 59584 4096
6038 71272 4096
2036 36124 2048
4038 34136 2048
8036 36048 2048
41 71452 4096
2037 36192 2048
4039 32084 2048
6039 60304 4096
8037 51204 4096
4040 31432 2048
42 71128 4096
6040 31856 2048
2038 74436 4096
8038 60388 4096
43 35304 2048
6041 35968 2048
4041 60240 4096
8039 34956 2048
2039 77528 4096
4042 34224 2048
44 55664 4096
6042 60340 4096
8040 36116 2048
2040 36144 2048
4043 35468 2048
45 34388 2048
6043 36132 2048
8041 35776 2048
2041 36016 2048
4044 35420 2048
6044 36128 2048
46 71396 4096
2042 34452 2048
8042 60360 4096
4045 32196 2048
47 34296 2048
4046 36152 2048
8043 36068 2048
6045 77864 4096
2043 59548 4096
48 60032 4096
8044 35836 2048
6046 35332 2048
4047 58500 4096
2044 56408 4096
8045 36004 2048
6047 35432 2048
4048 34384 2048
49 71392 4096
2045 31368 2048
8046 31308 2048
6048 36004 2048
4049 35760 2048
50 35396 2048
8047 36144 2048
2046 77852 4096
6049 58604 4096
51 60316 4096
8048 34264 2048
4050 76364 4096
2047 31844 2048
6050 36172 2048
8049 35436 2048
4051 35364 2048
2048 58668 4096
52 74544 4096
6051 35352 2048
4052 60064 4096
8050 60404 4096
2049 59760 4096
6052 59136 4096
53 60104 4096
4053 27116 2048
8051 35372 2048
2050 36064 2048
6053 36160 2048
8052 35360 2048
4054 59312 4096
54 77636 4096
4055 15856 1024
6054 71340 4096
2051 77868 4096
8053 75428 4096
55 60248 4096
4056 36112 2048
2052 36072 2048
6055 60116 4096
8054 32052 2048
56 59652 4096
2053 35228 2048
4057 60300 4096
6056 31872 2048
8055 34320 2048
2054 36164 2048
57 60296 4096
6057 35204 2048
8056 36088 2048
4058 71292 4096
2055 32204 2048
58 36100 2048
6058 36104 2048
8057 36120 2048
4059 60228 4096
59 36064 2048
6059 35448 2048
2056 59396 4096
8058 71460 4096
4060 31856 2048
60 32060 2048
2057 35416 2048
6060 59912 4096
61 36040 2048
2058 32136 2048
8059 60312 4096
4061 77520 4096
6061 58300 4096
62 35652 2048
2059 36176 2048
8060 60116 4096
6062 34364 2048
63 35856 2048
4062 71464 4096
2060 36220 2048
64 36096 2048
6063 35124 2048
8061 60400 4096
4063 36120 2048
2061 60276 4096
65 35384 2048
8062 36204 2048
6064 60308 4096
2062 36016 2048
4064 71456 4096
66 35956 2048
6065 36028 2048
8063 60336 4096
4065 36084 2048
2063 71116 4096
67 60044 4096
8064 35308 2048
4066 35744 2048
6066 60304 4096
2064 36168 2048
8065 35320 2048
68 71340 4096
6067 60268 4096
4067 71152 4096
8066 36036 2048
2065 60448 4096
69 36068 2048
4068 36088 2048
6068 59656 4096
2066 46832 4096
8067 74420 4096
70 59580 4096
6069 36076 2048
4069 71300 4096
2067 60324 4096
6070 15908 1024
71 35868 2048
8068 58324 4096
4070 36060 2048
6071 33664 2048
72 34424 2048
2068 74604 4096
4071 34316 2048
8069 60168 4096
6072 35316 2048
2069 34440 2048
73 59288 4096
4072 35512 2048
8070 31468 2048
6073 27108 2048
74 36172 2048
8071 35756 2048
4073 60284 4096
2070 70748 4096
6074 68772 4096
75 26980 2048
4074 34364 2048
2071 36168 2048
8072 71052 4096
6075 34164 2048
76 36144 2048
8073 35396 2048
4075 59752 4096
2072 60340 4096
6076 36068 2048
77 35436 2048
8074 34368 2048
6077 36128 2048
78 36096 2048
4076 71428 4096
2073 71384 4096
6078 36092 2048
8075 67348 4096
4077 48844 4096
79 69640 4096
2074 60032 4096
6079 36072 2048
8076 35924 2048
80 35316 2048
4078 36032 2048
6080 67272 4096
8077 34380 2048
2075 71356 4096
4079 36128 2048
81 74712 4096
6081 35312 2048
8078 36220 2048
2076 36076 2048
8079 15288 1024
82 36124 2048
4080 78080 4096
2077 36172 2048
6082 60236 4096
83 35360 2048
2078 36120 2048
8080 71428 4096
4081 60236 4096
84 27076 2048
6083 60316 4096
4082 34136 2048
8081 60300 4096
2079 71472 4096
6084 36196 2048
4083 27072 2048
85 78240 4096
8082 35704 2048
2080 36116 2048
6085 36144 2048
4084 36032 2048
8083 36100 2048
86 59456 4096
4085 36048 2048
2081 74744 4096
6086 66716 4096
8084 51252 4096
87 60040 4096
4086 60232 4096
2082 60376 4096
6087 76332 4096
88 35708 2048
8085 76312 4096
4087 59576 4096
6088 36044 2048
89 35096 2048
2083 73952 4096
8086 35848 2048
6089 16024 1024
4088 71408 4096
90 60316 4096
2084 70252 4096
8087 77796 4096
6090 77496 4096
4089 36112 2048
91 35724 2048
8088 31312 2048
2085 59256 4096
4090 35428 2048
92 36136 2048
6091 67396 4096
4091 35836 2048
6092 35932 2048
8089 74272 4096
2086 74424 4096
93 74700 4096
6093 34364 2048
2087 35792 2048
4092 55636 4096
94 35304 2048
8090 71416 4096
6094 36184 2048
8091 10424 1024
2088 36100 2048
95 36072 2048
4093 60360 4096
6095 27104 2048
8092 36060 2048
2089 60268 4096
96 60192 4096
6096 33992 2048
8093 27112 2048
4094 71472 4096
97 36116 2048
4095 35436 2048
2090 71396 4096
6097 60340 4096
8094 60224 4096
98 35828 2048
8095 33580 2048
4096 60308 4096
2091 71164 4096
6098 71444 4096
8096 35412 2048
99 76476 4096
4097 36032 2048
6099 35828 2048
2092 78740 4096
100 36112 2048
4098 36112 2048
6100 27084 2048
8097 71440 4096
8098 2952 256
2093 35364 2048
101 36152 2048
6101 36136 2048
4099 60352 4096
8099 35964 2048
2094 35900 2048
102 35368 2048
4100 36004 2048
8100 36148 2048
6102 71168 4096
2095 35840 2048
103 35796 2048
8101 36108 2048
4101 51224 4096
6103 36088 2048
2096 36152 2048
104 36080 2048
4102 35764 2048
8102 36068 2048
6104 69696 4096
105 60052 4096
2097 58052 4096
8103 36200 2048
4103 76352 4096
6105 36172 2048
2098 60120 4096
8104 36224 2048
106 70548 4096
4104 36104 2048
6106 60288 4096
2099 35192 2048
8105 36056 2048
107 35356 2048
2100 36104 2048
4105 59640 4096
8106 35520 2048
108 35768 2048
6107 60312 4096
2101 35924 2048
4106 35768 2048
109 34868 2048
8107 69636 4096
6108 58652 4096
4107 36172 2048
2102 60048 4096
110 73952 4096
6109 36128 2048
4108 35132 2048
8108 78164 4096
2103 35928 2048
111 36000 2048
6110 36096 2048
4109 35792 2048
8109 60140 4096
6111 51252 4096
2104 71384 4096
112 60428 4096
4110 75672 4096
113 35928 2048
8110 71240 4096
6112 60136 4096
2105 59896 4096
4111 60252 4096
114 35824 2048
2106 35804 2048
6113 59508 4096
8111 74652 4096
4112 36236 2048
115 36108 2048
2107 36096 2048
6114 35828 2048
4113 31968 2048
116 32168 2048
8112 71264 4096
2108 36068 2048
6115 36120 2048
4114 60380 4096
117 74364 4096
8113 60036 4096
2109 59892 4096
6116 71464 4096
4115 59940 4096
118 35772 2048
8114 60368 4096
2110 70964 4096
6117 35436 2048
4116 60348 4096
119 79244 4096
2111 36248 2048
6118 36032 2048
8115 59496 4096
120 36192 2048
4117 60292 4096
2112 60056 4096
8116 59568 4096
6119 60356 4096
4118 58668 4096
121 60320 4096
8117 36144 2048
6120 36124 2048
2113 75472 4096
4119 35248 2048
122 35476 2048
6121 35780 2048
8118 60296 4096
4120 36144 2048
2114 59960 4096
123 60244 4096
6122 60148 4096
8119 59728 4096
2115 60092 4096
6123 36096 2048
4121 74484 4096
124 60408 4096
8120 56432 4096
4122 26372 2048
2116 35688 2048
6124 35904 2048
125 76472 4096
2117 35660 2048
6125 36020 2048
8121 59428 4096
4123 71120 4096
126 35848 2048
6126 36156 2048
8122 34960 2048
2118 59468 4096
4124 35828 2048
6127 32120 2048
2119 36076 2048
127 60368 4096
8123 77816 4096
128 14260 1024
6128 34400 2048
4125 74352 4096
2120 34372 2048
4126 36112 2048
2121 36212 2048
8124 78648 4096
129 71392 4096
6129 71360 4096
2122 60236 4096
4127 70696 4096
130 59924 4096
6130 60376 4096
8125 73936 4096
8126 34280 2048
2123 70708 4096
4128 59568 4096
6131 60384 4096
131 71016 4096
4129 35420 2048
8127 59572 4096
2124 71304 4096
6132 59972 4096
132 60000 4096
4130 34364 2048
8128 59996 4096
6133 36096 2048
4131 36208 2048
2125 60340 4096
133 60292 4096
4132 36096 2048
2126 35848 2048
8129 59476 4096
6134 60380 4096
134 71380 4096
4133 35712 2048
2127 35384 2048
8130 49616 4096
6135 60324 4096
135 36152 2048
4134 36032 2048
2128 60328 4096
6136 36108 2048
136 36120 2048
8131 77600 4096
4135 56284 4096
137 35972 2048
2129 71112 4096
6137 77888 4096
4136 35388 2048
8132 75680 4096
138 34364 2048
2130 35872 2048
6138 26408 2048
4137 35976 2048
8133 36180 2048
139 36108 2048
6139 35832 2048
4138 36064 2048
2131 74432 4096
140 36072 2048
8134 51248 4096
6140 35388 2048
4139 36156 2048
141 35812 2048
2132 60268 4096
6141 34084 2048
8135 58520 4096
4140 35404 2048
6142 16024 1024
142 36204 2048
2133 32200 2048
8136 35404 2048
6143 33632 2048
4141 60200 4096
143 32120 2048
2134 70268 4096
8137 60104 4096
6144 32020 2048
144 32132 2048
4142 36120 2048
2135 26588 2048
6145 36216 2048
4143 36100 2048
8138 60340 4096
2136 35932 2048
145 76348 4096
6146 35776 2048
8139 36140 2048
4144 59192 4096
2137 36124 2048
146 35668 2048
6147 36132 2048
2138 35700 2048
8140 70748 4096
4145 59592 4096
6148 35044 2048
147 76144 4096
2139 35808 2048
4146 35932 2048
8141 54736 4096
6149 59996 4096
2140 32112 2048
148 71424 4096
4147 35312 2048
8142 35096 2048
4148 36116 2048
6150 71172 4096
2141 59868 4096
8143 36100 2048
149 77512 4096
4149 36164 2048
6151 60272 4096
150 35464 2048
2142 75296 4096
8144 60372 4096
4150 35980 2048
6152 35824 2048
151 36176 2048
4151 36108 2048
2143 71304 4096
8145 77920 4096
6153 25428 2048
152 60464 4096
4152 79292 4096
8146 57912 4096
2144 74600 4096
6154 71380 4096
153 36052 2048
2145 36160 2048
6155 36096 2048
4153 58620 4096
8147 56336 4096
154 60420 4096
2146 36036 2048
6156 36100 2048
4154 59148 4096
155 35084 2048
8148 59940 4096
2147 36068 2048
6157 35368 2048
4155 36108 2048
2148 36096 2048
6158 36180 2048
156 60272 4096
8149 58656 4096
4156 35412 2048
2149 31920 2048
6159 35116 2048
157 51432 4096
8150 70368 4096
4157 60048 4096
2150 60100 4096
6160 60384 4096
4158 24956 2048
158 71232 4096
8151 71352 4096
6161 34336 2048
2151 55896 4096
4159 35368 2048
8152 36164 2048
159 59928 4096
6162 35352 2048
2152 60032 4096
4160 60368 4096
8153 36128 2048
160 71340 4096
6163 60280 4096
2153 36064 2048
4161 35812 2048
8154 70408 4096
161 36172 2048
6164 60248 4096
2154 57820 4096
4162 71160 4096
162 32088 2048
8155 59792 4096
163 16048 1024
2155 36196 2048
6165 60200 4096
4163 36168 2048
164 16012 1024
8156 36136 2048
2156 35276 2048
4164 60384 4096
8157 35856 2048
6166 76340 4096
165 60296 4096
2157 71336 4096
4165 36124 2048
8158 35636 2048
166 35952 2048
6167 60364 4096
2158 27168 2048
8159 36028 2048
167 59312 4096
6168 36068 2048
4166 79484 4096
2159 35972 2048
8160 35748 2048
168 36104 2048
4167 36144 2048
2160 36136 2048
8161 36080 2048
6169 71232 4096
2161 27084 2048
169 60364 4096
8162 36036 2048
4168 79568 4096
6170 71172 4096
2162 60140 4096
8163 36032 2048
4169 33648 2048
170 57800 4096
2163 35456 2048
6171 60384 4096
8164 35916 2048
4170 35640 2048
171 35768 2048
6172 36108 2048
2164 36060 2048
4171 36128 2048
172 35140 2048
8165 56308 4096
6173 36136 2048
2165 34312 2048
4172 32108 2048
173 34284 2048
6174 35972 2048
8166 59952 4096
2166 36156 2048
4173 60000 4096
174 60276 4096
6175 36128 2048
2167 32188 2048
8167 71288 4096
175 36092 2048
4174 60260 4096
2168 36168 2048
6176 71484 4096
8168 34432 2048
2169 15960 1024
176 36076 2048
4175 60008 4096
8169 35972 2048
177 35868 2048
6177 76080 4096
2170 76512 4096
8170 36180 2048
178 36100 2048
4176 59320 4096
2171 30404 2048
6178 35392 2048
179 34336 2048
8171 59268 4096
4177 71324 4096
6179 60040 4096
2172 75988 4096
180 59524 4096
8172 74820 4096
6180 35748 2048
4178 60400 4096
2173 35668 2048
8173 36084 2048
4179 36116 2048
181 73792 4096
6181 60064 4096
2174 73632 4096
182 35512 2048
8174 60396 4096
6182 36144 2048
4180 60276 4096
6183 27124 2048
2175 69204 4096
8175 35748 2048
183 59976 4096
6184 6980 512
4181 58440 4096
2176 36136 2048
184 35852 2048
4182 36168 2048
6185 59340 4096
8176 70640 4096
2177 36120 2048
185 59704 4096
6186 36068 2048
2178 15764 1024
4183 70676 4096
8177 71356 4096
186 36144 2048
2179 35936 2048
4184 35704 2048
6187 70712 4096
187 35740 2048
8178 60276 4096
2180 34916 2048
4185 35948 2048
6188 35416 2048
8179 35800 2048
2181 36024 2048
188 58560 4096
4186 36084 2048
2182 35972 2048
6189 71360 4096
8180 60216 4096
189 60352 4096
4187 59972 4096
2183 36176 2048
6190 36040 2048
190 15992 1024
4188 35748 2048
8181 76432 4096
6191 32144 2048
2184 74436 4096
191 60224 4096
4189 36180 2048
8182 36012 2048
6192 36076 2048
192 35712 2048
2185 35828 2048
8183 35156 2048
4190 35992 2048
6193 35604 2048
8184 21468 2048
193 35832 2048
2186 36156 2048
6194 15972 1024
4191 69220 4096
8185 35908 2048
194 36160 2048
6195 36044 2048
2187 60308 4096
4192 35128 2048
195 35804 2048
8186 60084 4096
6196 74764 4096
4193 35216 2048
2188 60356 4096
196 35804 2048
8187 35968 2048
6197 35992 2048
2189 36128 2048
197 36048 2048
4194 71400 4096
8188 35740 2048
6198 32096 2048
2190 36032 2048
198 60216 4096
4195 60308 4096
8189 60340 4096
6199 58528 4096
2191 76348 4096
4196 36092 2048
8190 32052 2048
199 60288 4096
6200 60400 4096
8191 36108 2048
2192 60252 4096
4197 60136 4096
200 60352 4096
6201 36032 2048
8192 34172 2048
201 36088 2048
2193 60340 4096
6202 35768 2048
4198 71416 4096
8193 35684 2048
2194 35904 2048
6203 36172 2048
202 71300 4096
4199 70456 4096
8194 71108 4096
2195 34428 2048
203 36196 2048
6204 60280 4096
4200 34016 2048
8195 36180 2048
2196 36108 2048
204 35392 2048
6205 35852 2048
2197 35132 2048
4201 60400 4096
8196 71380 4096
6206 60320 4096
205 60360 4096
4202 36172 2048
8197 27100 2048
2198 71340 4096
206 34400 2048
4203 34416 2048
6207 60416 4096
8198 67544 4096
207 32084 2048
2199 51208 4096
4204 27044 2048
6208 36084 2048
8199 27092 2048
6209 36168 2048
208 60304 4096
4205 56036 4096
2200 59256 4096
8200 35840 2048
6210 36132 2048
4206 35996 2048
2201 36180 2048
209 71160 4096
8201 76460 4096
6211 60328 4096
2202 58516 4096
4207 70820 4096
210 60232 4096
8202 36128 2048
4208 35412 2048
8203 36128 2048
6212 77596 4096
2203 75604 4096
211 60320 4096
4209 71476 4096
6213 48868 4096
8204 70600 4096
212 59972 4096
2204 71484 4096
4210 34400 2048
6214 36052 2048
213 36076 2048
8205 60392 4096
2205 60000 4096
4211 31400 2048
6215 36116 2048
214 59928 4096
4212 35680 2048
6216 34332 2048
8206 67160 4096
2206 60248 4096
215 35852 2048
4213 35832 2048
6217 34380 2048
2207 27080 2048
8207 35744 2048
216 35996 2048
6218 34392 2048
4214 60404 4096
2208 59600 4096
8208 70696 4096
217 36064 2048
6219 30440 2048
2209 35776 2048
218 36056 2048
4215 74008 4096
8209 60268 4096
6220 59972 4096
2210 35392 2048
219 60456 4096
4216 56284 4096
6221 36172 2048
8210 70608 4096
2211 71460 4096
4217 35436 2048
6222 34360 2048
8211 35768 2048
220 75564 4096
2212 35752 2048
4218 35832 2048
6223 60324 4096
2213 27048 2048
8212 60252 4096
221 59580 4096
4219 58232 4096
2214 36076 2048
6224 67448 4096
8213 60188 4096
222 59944 4096
4220 56068 4096
2215 36144 2048
223 36168 2048
6225 76392 4096
8214 60248 4096
4221 35436 2048
2216 35800 2048
6226 36152 2048
8215 35340 2048
4222 33668 2048
2217 36164 2048
224 60320 4096
6227 36144 2048
225 36100 2048
4223 59316 4096
8216 76052 4096
2218 70660 4096
6228 35896 2048
2219 15744 1024
8217 35380 2048
4224 35388 2048
226 60352 4096
6229 35812 2048
2220 36160 2048
4225 36132 2048
227 36008 2048
6230 36092 2048
8218 60248 4096
2221 36096 2048
4226 35320 2048
228 36084 2048
8219 36160 2048
6231 36024 2048
229 35860 2048
8220 31776 2048
2222 60256 4096
6232 36080 2048
4227 79460 4096
2223 36140 2048
6233 36136 2048
4228 35976 2048
230 73984 4096
8221 76244 4096
2224 35392 2048
6234 36176 2048
4229 34376 2048
8222 36208 2048
2225 15708 1024
231 60020 4096
232 216 32
6235 31820 2048
4230 35076 2048
8223 35920 2048
2226 36140 2048
233 36128 2048
6236 71444 4096
2227 35836 2048
4231 71424 4096
8224 75508 4096
2228 15976 1024
234 60292 4096
6237 36172 2048
4232 36088 2048
8225 36184 2048
2229 35356 2048
235 32104 2048
6238 35680 2048
8226 36156 2048
2230 36096 2048
4233 73644 4096
6239 32104 2048
236 71044 4096
2231 27084 2048
8227 36004 2048
4234 35880 2048
6240 35472 2048
2232 35088 2048
237 76340 4096
8228 58364 4096
6241 60192 4096
4235 74000 4096
2233 36096 2048
238 56292 4096
8229 60372 4096
4236 51368 4096
6242 71520 4096
2234 60344 4096
8230 33964 2048
239 60248 4096
2235 32072 2048
4237 60020 4096
8231 35448 2048
6243 67276 4096
240 36000 2048
2236 35268 2048
4238 32008 2048
8232 34976 2048
6244 36084 2048
4239 36080 2048
241 60336 4096
8233 35344 2048
2237 60304 4096
6245 73960 4096
4240 36068 2048
8234 36088 2048
2238 35928 2048
242 60388 4096
6246 36072 2048
8235 33944 2048
2239 36164 2048
243 36100 2048
4241 70736 4096
6247 35336 2048
244 36024 2048
8236 60272 4096
2240 60360 4096
6248 36092 2048
4242 60208 4096
8237 34492 2048
4243 36068 2048
245 71480 4096
2241 69616 4096
6249 60412 4096
8238 36064 2048
4244 36148 2048
246 36144 2048
2242 60276 4096
6250 58656 4096
247 33660 2048
8239 60068 4096
4245 60396 4096
2243 35832 2048
6251 36180 2048
248 36228 2048
4246 16048 1024
8240 33592 2048
2244 35980 2048
6252 35780 2048
249 36140 2048
8241 31952 2048
4247 36060 2048
2245 15808 1024
6253 35824 2048
8242 35272 2048
2246 32168 2048
4248 60020 4096
250 78640 4096
6254 36140 2048
8243 36016 2048
2247 36204 2048
4249 32152 2048
251 35980 2048
6255 36064 2048
8244 35792 2048
2248 36124 2048
4250 60016 4096
252 60380 4096
8245 35776 2048
2249 32168 2048
6256 73572 4096
8246 36076 2048
253 35996 2048
2250 36140 2048
6257 35920 2048
4251 71444 4096
8247 36016 2048
254 36136 2048
2251 36096 2048
4252 36072 2048
6258 70688 4096
8248 35348 2048
2252 35992 2048
255 59312 4096
4253 36172 2048
6259 35848 2048
2253 36096 2048
8249 58560 4096
4254 35544 2048
6260 35792 2048
256 68944 4096
8250 36272 2048
4255 36104 2048
2254 71312 4096
6261 36084 2048
257 60388 4096
8251 36092 2048
2255 35764 2048
4256 71032 4096
8252 36076 2048
6262 60116 4096
258 58704 4096
4257 26784 2048
6263 15304 1024
2256 59184 4096
8253 36044 2048
259 36024 2048
2257 36060 2048
4258 59648 4096
8254 35112 2048
6264 73780 4096
260 35824 2048
8255 36164 2048
6265 35816 2048
4259 60044 4096
261 35120 2048
2258 71300 4096
2259 15856 1024
8256 59852 4096
6266 60148 4096
262 60432 4096
4260 69636 4096
8257 16032 1024
2260 58492 4096
6267 34020 2048
263 36136 2048
4261 36184 2048
8258 50712 4096
2261 35836 2048
6268 74060 4096
264 58544 4096
4262 79300 4096
8259 70660 4096
2262 60008 4096
6269 36164 2048
265 36076 2048
2263 36128 2048
4263 71116 4096
8260 59540 4096
6270 60372 4096
266 60356 4096
2264 36136 2048
4264 35456 2048
8261 36040 2048
267 35196 2048
6271 60332 4096
4265 35908 2048
8262 35276 2048
2265 59544 4096
268 36160 2048
6272 35408 2048
4266 35888 2048
8263 60268 4096
2266 69552 4096
269 77908 4096
6273 70696 4096
4267 59476 4096
2267 34048 2048
8264 70384 4096
6274 35376 2048
4268 60276 4096
270 69396 4096
8265 25384 2048
2268 70832 4096
6275 60008 4096
8266 36052 2048
4269 56292 4096
271 71280 4096
2269 60380 4096
8267 35920 2048
6276 60404 4096
272 34312 2048
4270 71332 4096
6277 34272 2048
2270 60344 4096
8268 60312 4096
4271 36176 2048
273 76048 4096
2271 35900 2048
6278 59620 4096
8269 60196 4096
274 36104 2048
4272 60332 4096
2272 35748 2048
8270 36124 2048
6279 77896 4096
2273 36112 2048
4273 59652 4096
275 74584 4096
8271 60352 4096
4274 34312 2048
276 35392 2048
6280 77776 4096
2274 60124 4096
4275 31676 2048
8272 59524 4096
6281 51312 4096
277 76456 4096
2275 71328 4096
4276 36088 2048
8273 36080 2048
6282 34380 2048
4277 27096 2048
8274 36100 2048
278 59972 4096
2276 60172 4096
6283 35776 2048
8275 35956 2048
279 36164 2048
2277 36072 2048
4278 60200 4096
6284 79228 4096
280 34096 2048
8276 56376 4096
4279 70520 4096
2278 71400 4096
8277 36076 2048
281 60360 4096
6285 79356 4096
4280 36036 2048
2279 36020 2048
282 34420 2048
6286 35336 2048
8278 71376 4096
4281 60120 4096
2280 71428 4096
283 36220 2048
8279 36040 2048
6287 76048 4096
2281 31356 2048
4282 60408 4096
284 59916 4096
6288 36004 2048
8280 76428 4096
4283 36012 2048
2282 75444 4096
285 60380 4096
8281 35916 2048
4284 35348 2048
6289 69616 4096
2283 35288 2048
286 51392 4096
8282 36104 2048
4285 36100 2048
6290 60416 4096
2284 59332 4096
287 34276 2048
4286 31964 2048
6291 35700 2048
8283 71128 4096
2285 59980 4096
4287 36108 2048
288 69664 4096
6292 35812 2048
8284 35320 2048
2286 36076 2048
4288 36012 2048
289 36084 2048
8285 36084 2048
6293 51288 4096
290 35884 2048
4289 60252 4096
2287 60336 4096
8286 70872 4096
6294 69640 4096
4290 35432 2048
2288 76456 4096
291 76452 4096
8287 34324 2048
4291 35344 2048
6295 59860 4096
2289 35520 2048
4292 16040 1024
292 35892 2048
8288 34388 2048
2290 36092 2048
6296 60220 4096
8289 36052 2048
4293 60248 4096
293 60304 4096
6297 35820 2048
4294 29352 2048
2291 59512 4096
294 35832 2048
8290 60040 4096
6298 36160 2048
4295 35756 2048
295 27028 2048
2292 59616 4096
8291 67332 4096
296 35788 2048
4296 58588 4096
6299 70620 4096
2293 36152 2048
8292 26676 2048
297 36148 2048
6300 36080 2048
4297 36064 2048
2294 35944 2048
298 15972 1024
8293 36100 2048
2295 36132 2048
8294 36044 2048
299 36072 2048
4298 59744 4096
6301 70580 4096
2296 27092 2048
8295 35412 2048
4299 35896 2048
300 77564 4096
6302 58204 4096
2297 36084 2048
8296 60252 4096
301 35748 2048
2298 31836 2048
6303 36140 2048
4300 71236 4096
8297 31360 2048
6304 26800 2048
2299 36168 2048
302 58600 4096
4301 60292 4096
8298 35516 2048
2300 35940 2048
6305 51112 4096
4302 35760 2048
303 59936 4096
2301 36184 2048
6306 32148 2048
8299 79212 4096
4303 49572 4096
304 60272 4096
8300 51332 4096
2302 71344 4096
6307 67292 4096
4304 36072 2048
305 35344 2048
8301 36048 2048
2303 35896 2048
4305 36148 2048
6308 56308 4096
306 56316 4096
8302 60180 4096
2304 60172 4096
4306 73888 4096
307 36164 2048
6309 78404 4096
2305 36152 2048
4307 36124 2048
8303 59908 4096
6310 36196 2048
4308 15740 1024
308 76240 4096
2306 67396 4096
8304 67364 4096
6311 60284 4096
4309 60200 4096
309 56288 4096
2307 36140 2048
8305 36120 2048
6312 70904 4096
2308 35136 2048
4310 60104 4096
8306 32112 2048
310 60220 4096
2309 35716 2048
4311 36084 2048
8307 34104 2048
6313 60252 4096
311 76444 4096
4312 36144 2048
8308 35384 2048
2310 67044 4096
6314 59332 4096
2311 15996 1024
4313 36140 2048
8309 35992 2048
312 56320 4096
6315 60356 4096
4314 36060 2048
8310 59060 4096
6316 15768 1024
313 60384 4096
2312 73648 4096
4315 60232 4096
314 35732 2048
2313 36184 2048
6317 60256 4096
8311 70808 4096
4316 35224 2048
2314 27028 2048
315 36012 2048
6318 35864 2048
316 33512 2048
2315 36076 2048
8312 60224 4096
4317 59652 4096
6319 35944 2048
2316 27052 2048
317 36096 2048
4318 36096 2048
6320 35972 2048
8313 59676 4096
2317 35740 2048
4319 36092 2048
6321 36180 2048
8314 35652 2048
318 79628 4096
4320 32112 2048
2318 59360 4096
6322 36140 2048
8315 36128 2048
319 60372 4096
2319 34448 2048
8316 35828 2048
4321 60088 4096
6323 60276 4096
320 71412 4096
8317 35412 2048
6324 36144 2048
2320 71244 4096
4322 71428 4096
321 35800 2048
6325 36144 2048
8318 60084 4096
4323 36196 2048
2321 60040 4096
322 36064 2048
6326 35976 2048
8319 35992 2048
2322 36004 2048
4324 60384 4096
6327 35072 2048
8320 36124 2048
323 78212 4096
4325 35360 2048
2323 71476 4096
8321 35104 2048
324 36108 2048
6328 60068 4096
4326 36140 2048
2324 36000 2048
8322 60300 4096
325 60248 4096
6329 59924 4096
2325 36096 2048
4327 74652 4096
8323 36136 2048
326 36196 2048
6330 34396 2048
4328 35856 2048
2326 60444 4096
327 36380 2048
6331 36112 2048
8324 59372 4096
6332 27124 2048
328 36096 2048
4329 73888 4096
2327 71508 4096
8325 50960 4096
6333 31392 2048
329 36176 2048
4330 35984 2048
2328 60268 4096
6334 35940 2048
330 36128 2048
8326 75784 4096
4331 60000 4096
331 16052 1024
2329 36088 2048
6335 35932 2048
8327 36100 2048
4332 30368 2048
332 36088 2048
6336 59592 4096
2330 77800 4096
8328 60044 4096
333 60008 4096
4333 76416 4096
6337 34384 2048
2331 36216 2048
8329 27012 2048
334 36132 2048
8330 16040 1024
2332 36072 2048
335 15992 1024
4334 71444 4096
6338 76496 4096
8331 36156 2048
336 35412 2048
2333 60340 4096
6339 35948 2048
8332 35480 2048
4335 59588 4096
337 15728 1024
4336 32116 2048
8333 36132 2048
2334 70624 4096
338 36112 2048
6340 71328 4096
4337 35752 2048
8334 31852 2048
2335 36092 2048
339 71412 4096
6341 73924 4096
2336 36116 2048
4338 60384 4096
8335 58572 4096
6342 35996 2048
2337 35448 2048
4339 35396 2048
340 71440 4096
8336 51248 4096
6343 59396 4096
2338 60368 4096
4340 70316 4096
8337 60348 4096
341 73788 4096
2339 36216 2048
8338 35428 2048
6344 70656 4096
342 36208 2048
4341 51328 4096
2340 35332 2048
4342 35172 2048
8339 59696 4096
6345 58596 4096
343 59672 4096
4343 32200 2048
2341 70568 4096
6346 34352 2048
344 60096 4096
8340 78516 4096
4344 35132 2048
4345 16036 1024
2342 71424 4096
345 35996 2048
6347 78656 4096
8341 59636 4096
4346 36040 2048
2343 35752 2048
346 59532 4096
8342 36048 2048
6348 60348 4096
4347 36064 2048
2344 34348 2048
347 36128 2048
2345 36120 2048
4348 35360 2048
8343 60304 4096
6349 70452 4096
348 71364 4096
4349 60356 4096
8344 60108 4096
2346 76328 4096
6350 76452 4096
4350 32124 2048
8345 36000 2048
349 58328 4096
2347 35116 2048
6351 60304 4096
4351 36148 2048
350 36088 2048
8346 59336 4096
2348 60364 4096
6352 54480 4096
351 60064 4096
4352 69080 4096
2349 35468 2048
8347 59572 4096
6353 35408 2048
8348 32148 2048
4353 59608 4096
352 77600 4096
2350 76476 4096
6354 60240 4096
4354 35800 2048
353 35804 2048
8349 71444 4096
6355 59276 4096
2351 74660 4096
4355 35700 2048
354 35944 2048
355 15336 1024
8350 59540 4096
6356 36112 2048
2352 60316 4096
8351 15976 1024
4356 71336 4096
6357 34288 2048
356 60064 4096
8352 35944 2048
4357 36172 2048
2353 79368 4096
357 30416 2048
6358 60256 4096
8353 35812 2048
4358 36028 2048
2354 36088 2048
6359 36064 2048
8354 36048 2048
358 70788 4096
2355 27064 2048
4359 60004 4096
6360 35100 2048
359 32076 2048
2356 35968 2048
8355 58620 4096
4360 34368 2048
6361 60420 4096
4361 36096 2048
360 71312 4096
8356 60020 4096
2357 70628 4096
6362 35416 2048
361 35896 2048
8357 32176 2048
2358 36152 2048
4362 60400 4096
6363 26232 2048
362 27020 2048
2359 35872 2048
8358 79288 4096
4363 60092 4096
2360 36156 2048
363 60108 4096
6364 74004 4096
8359 35272 2048
4364 35036 2048
2361 35984 2048
364 60388 4096
8360 36152 2048
6365 60248 4096
4365 35376 2048
2362 36132 2048
365 36072 2048
8361 36148 2048
4366 35072 2048
6366 71088 4096
366 35740 2048
2363 60356 4096
8362 58368 4096
6367 36072 2048
4367 60396 4096
367 58576 4096
2364 58488 4096
8363 35392 2048
6368 34340 2048
4368 36116 2048
6369 36164 2048
4369 35944 2048
368 69668 4096
8364 60100 4096
2365 76356 4096
6370 36180 2048
4370 36116 2048
8365 36120 2048
2366 35904 2048
369 59340 4096
4371 16044 1024
6371 35424 2048
8366 35316 2048
2367 35096 2048
4372 36140 2048
6372 35708 2048
370 60448 4096
8367 34400 2048
4373 36156 2048
2368 76364 4096
6373 36136 2048
371 35432 2048
372 14228 1024
8368 59928 4096
4374 35920 2048
2369 36096 2048
6374 35996 2048
8369 35888 2048
2370 36180 2048
4375 60344 4096
373 71432 4096
6375 59652 4096
374 15816 1024
8370 60284 4096
4376 35904 2048
2371 78752 4096
6376 66912 4096
4377 35344 2048
375 71424 4096
8371 59304 4096
2372 35308 2048
6377 35472 2048
8372 36128 2048
4378 70608 4096
376 76568 4096
2373 71316 4096
8373 27032 2048
6378 71428 4096
377 35080 2048
2374 35888 2048
8374 36136 2048
4379 71300 4096
6379 60328 4096
8375 36032 2048
378 60184 4096
2375 71208 4096
4380 74736 4096
6380 35816 2048
8376 35760 2048
379 60364 4096
2376 35932 2048
4381 36180 2048
6381 36068 2048
8377 36184 2048
380 36156 2048
2377 35396 2048
6382 32148 2048
4382 57892 4096
8378 36156 2048
2378 50604 4096
381 71044 4096
4383 34396 2048
6383 73836 4096
8379 60396 4096
2379 35808 2048
4384 35456 2048
382 36124 2048
6384 27068 2048
8380 36152 2048
2380 36240 2048
4385 35820 2048
383 35420 2048
8381 36144 2048
6385 59216 4096
384 36064 2048
2381 60328 4096
4386 70728 4096
6386 60316 4096
385 35780 2048
8382 71344 4096
2382 36128 2048
6387 36024 2048
386 35092 2048
8383 34156 2048
4387 79232 4096
2383 36136 2048
6388 35996 2048
2384 36196 2048
387 59948 4096
4388 59892 4096
8384 70604 4096
6389 36124 2048
388 36116 2048
4389 35836 2048
2385 60312 4096
8385 77648 4096
6390 71504 4096
4390 36092 2048
2386 35884 2048
389 74372 4096
8386 36028 2048
4391 35436 2048
390 35968 2048
6391 70564 4096
2387 56384 4096
8387 34360 2048
391 30496 2048
4392 60316 4096
2388 35800 2048
8388 35856 2048
6392 59896 4096
2389 35760 2048
392 59724 4096
4393 60284 4096
8389 60216 4096
6393 59988 4096
393 36112 2048
4394 35208 2048
2390 59256 4096
8390 35820 2048
394 36144 2048
6394 60348 4096
4395 35472 2048
8391 35992 2048
2391 58652 4096
6395 27060 2048
4396 27060 2048
395 36184 2048
8392 35368 2048
2392 31832 2048
6396 35368 2048
4397 36024 2048
396 36108 2048
8393 35884 2048
2393 36092 2048
6397 34948 2048
4398 69460 4096
397 56000 4096
8394 36000 2048
4399 16028 1024
2394 70680 4096
6398 60316 4096
398 35824 2048
8395 71136 4096
2395 35828 2048
6399 35108 2048
399 35408 2048
4400 60024 4096
2396 36044 2048
400 35336 2048
4401 36132 2048
8396 73940 4096
6400 60300 4096
2397 35984 2048
6401 36120 2048
4402 60472 4096
401 76436 4096
2398 35684 2048
8397 78772 4096
6402 36144 2048
4403 35804 2048
8398 36160 2048
2399 60292 4096
402 76436 4096
6403 36156 2048
4404 35144 2048
403 34288 2048
2400 35980 2048
8399 59580 4096
6404 57868 4096
404 36124 2048
4405 70352 4096
8400 32184 2048
2401 60296 4096
6405 35116 2048
405 36112 2048
4406 36128 2048
2402 35740 2048
8401 60360 4096
4407 35376 2048
6406 60380 4096
406 60204 4096
8402 36208 2048
2403 56344 4096
4408 36216 2048
6407 35868 2048
8403 35844 2048
2404 35520 2048
407 71404 4096
4409 58468 4096
6408 60328 4096
2405 36188 2048
408 36196 2048
8404 76332 4096
6409 31484 2048
2406 34112 2048
4410 60416 4096
409 36056 2048
8405 35412 2048
6410 60336 4096
4411 35416 2048
8406 36172 2048
2407 76248 4096
410 71424 4096
6411 32068 2048
4412 36184 2048
8407 36112 2048
2408 35376 2048
411 35900 2048
6412 35900 2048
8408 16016 1024
4413 58336 4096
412 35760 2048
8409 36192 2048
2409 71448 4096
6413 59588 4096
4414 35808 2048
413 35916 2048
8410 35976 2048
4415 35900 2048
2410 59332 4096
6414 60304 4096
8411 35820 2048
414 78512 4096
2411 35812 2048
6415 31796 2048
4416 69580 4096
8412 35312 2048
415 35172 2048
2412 36044 2048
6416 35100 2048
8413 36072 2048
4417 74712 4096
416 35996 2048
2413 36020 2048
6417 60260 4096
4418 35944 2048
2414 35380 2048
8414 74436 4096
417 71048 4096
6418 67420 4096
2415 60336 4096
4419 71252 4096
8415 60040 4096
418 36012 2048
6419 36116 2048
419 35296 2048
8416 35028 2048
2416 60340 4096
4420 67416 4096
6420 71432 4096
420 58568 4096
4421 33700 2048
2417 51036 4096
8417 71264 4096
421 36216 2048
6421 60320 4096
8418 35288 2048
4422 70296 4096
2418 60320 4096
422 36048 2048
8419 35252 2048
6422 73936 4096
2419 60216 4096
423 36024 2048
4423 60044 4096
8420 60008 4096
6423 35800 2048
424 36096 2048
2420 35848 2048
8421 35568 2048
4424 77620 4096
2421 36152 2048
6424 57540 4096
425 60080 4096
6425 16008 1024
4425 60264 4096
2422 34328 2048
8422 76348 4096
426 60120 4096
2423 36096 2048
6426 60252 4096
4426 56348 4096
8423 71396 4096
427 36020 2048
2424 36000 2048
6427 71032 4096
4427 60288 4096
2425 32120 2048
8424 59920 4096
428 60352 4096
6428 36076 2048
8425 15988 1024
4428 36088 2048
2426 36208 2048
429 35888 2048
6429 35836 2048
2427 35716 2048
4429 60324 4096
8426 71412 4096
430 35952 2048
6430 35516 2048
2428 34320 2048
8427 35692 2048
4430 35440 2048
431 36188 2048
8428 27076 2048
6431 60344 4096
4431 34344 2048
432 35792 2048
2429 59656 4096
8429 36108 2048
4432 36124 2048
2430 36060 2048
6432 60372 4096
8430 36136 2048
433 78716 4096
4433 36164 2048
2431 36188 2048
8431 36096 2048
4434 36132 2048
6433 76072 4096
434 60064 4096
2432 36060 2048
6434 16032 1024
8432 36124 2048
4435 59280 4096
435 56320 4096
6435 36064 2048
2433 70824 4096
8433 35704 2048
6436 16032 1024
436 36092 2048
2434 35796 2048
8434 35608 2048
4436 71364 4096
6437 36112 2048
437 30304 2048
8435 36212 2048
2435 75624 4096
4437 76068 4096
6438 76388 4096
438 77656 4096
8436 60272 4096
4438 36064 2048
2436 60356 4096
439 35832 2048
6439 60272 4096
8437 35956 2048
2437 51096 4096
4439 71392 4096
6440 36108 2048
8438 60224 4096
440 71388 4096
4440 25332 2048
2438 60436 4096
441 36148 2048
6441 77864 4096
8439 73672 4096
4441 60292 4096
2439 56240 4096
6442 33248 2048
442 76104 4096
4442 35728 2048
2440 36108 2048
8440 71012 4096
443 35804 2048
6443 71444 4096
4443 34968 2048
2441 71436 4096
8441 71368 4096
6444 51256 4096
4444 56336 4096
6445 988 128
444 60216 4096
8442 35432 2048
2442 71256 4096
6446 34952 2048
445 60200 4096
4445 75656 4096
6447 36052 2048
8443 71320 4096
2443 70648 4096
4446 36064 2048
446 73924 4096
6448 58560 4096
4447 35900 2048
8444 75592 4096
2444 70392 4096
447 35024 2048
6449 36132 2048
4448 35504 2048
8445 35488 2048
6450 36148 2048
448 71284 4096
2445 78432 4096
8446 36160 2048
4449 76460 4096
449 36220 2048
8447 36128 2048
6451 69728 4096
2446 60228 4096
4450 35928 2048
8448 32116 2048
6452 35744 2048
450 60152 4096
2447 36088 2048
4451 36136 2048
451 30380 2048
6453 36192 2048
2448 35804 2048
8449 60228 4096
4452 35568 2048
452 35772 2048
6454 70708 4096
2449 60384 4096
4453 60316 4096
8450 71116 4096
453 36088 2048
6455 35948 2048
8451 35444 2048
4454 56388 4096
2450 60084 4096
454 51428 4096
6456 35496 2048
4455 35764 2048
455 36108 2048
8452 76096 4096
2451 60404 4096
6457 34168 2048
4456 36164 2048
456 35728 2048
8453 36096 2048
2452 35420 2048
6458 36036 2048
4457 35468 2048
457 36140 2048
6459 36148 2048
8454 71296 4096
2453 60360 4096
458 36068 2048
4458 71500 4096
8455 36044 2048
459 35672 2048
6460 76120 4096
2454 71036 4096
4459 32148 2048
8456 60276 4096
6461 60208 4096
460 73680 4096
2455 71396 4096
4460 59588 4096
8457 35388 2048
6462 36104 2048
461 36120 2048
2456 35988 2048
4461 36092 2048
8458 36012 2048
6463 36204 2048
462 34136 2048
4462 35172 2048
2457 32180 2048
6464 35812 2048
463 36124 2048
4463 27132 2048
2458 36132 2048
8459 77860 4096
6465 36092 2048
464 36000 2048
2459 31324 2048
8460 36112 2048
4464 76444 4096
465 32128 2048
8461 36160 2048
6466 70848 4096
2460 60312 4096
466 36172 2048
4465 75972 4096
8462 35944 2048
2461 35596 2048
467 36092 2048
6467 71432 4096
8463 35756 2048
4466 35532 2048
468 33948 2048
2462 59528 4096
8464 26816 2048
6468 60284 4096
4467 60360 4096
469 34172 2048
8465 60324 4096
2463 71496 4096
4468 32128 2048
6469 60276 4096
470 71228 4096
8466 35340 2048
4469 36080 2048
6470 36132 2048
2464 59980 4096
471 35400 2048
4470 36084 2048
8467 35656 2048
6471 36140 2048
472 35000 2048
4471 36144 2048
2465 77636 4096
6472 35968 2048
8468 76320 4096
6473 33940 2048
473 74448 4096
4472 60036 4096
8469 35184 2048
2466 73900 4096
6474 36076 2048
8470 35820 2048
2467 35848 2048
4473 70932 4096
474 75824 4096
6475 36040 2048
8471 36072 2048
475 36104 2048
6476 31912 2048
2468 74504 4096
4474 71192 4096
8472 35684 2048
6477 36148 2048
2469 36136 2048
476 60412 4096
8473 35836 2048
4475 59956 4096
477 35900 2048
6478 68876 4096
2470 71312 4096
6479 15920 1024
8474 70680 4096
4476 60356 4096
478 36164 2048
2471 36168 2048
8475 36188 2048
6480 59408 4096
4477 74016 4096
479 75616 4096
2472 59980 4096
6481 33520 2048
8476 60352 4096
2473 35880 2048
4478 60340 4096
480 71304 4096
6482 35780 2048
8477 59968 4096
4479 30340 2048
6483 36096 2048
2474 60192 4096
481 60344 4096
6484 36056 2048
8478 59992 4096
2475 35380 2048
4480 67452 4096
482 76140 4096
4481 35336 2048
8479 60336 4096
2476 59936 4096
6485 76340 4096
483 36004 2048
2477 26796 2048
6486 36180 2048
4482 73936 4096
484 15956 1024
8480 59972 4096
2478 36036 2048
4483 34372 2048
8481 34480 2048
485 60232 4096
6487 77576 4096
4484 34368 2048
8482 36100 2048
2479 76520 4096
6488 35360 2048
486 60360 4096
8483 35860 2048
4485 60380 4096
6489 32108 2048
2480 60160 4096
487 35932 2048
8484 35804 2048
4486 36084 2048
2481 35792 2048
6490 71436 4096
488 60360 4096
4487 36012 2048
8485 60276 4096
2482 35872 2048
489 36068 2048
4488 36084 2048
6491 59560 4096
2483 35812 2048
8486 60356 4096
490 36160 2048
4489 59916 4096
6492 60308 4096
491 36112 2048
2484 60380 4096
8487 76224 4096
4490 27024 2048
6493 36192 2048
2485 36128 2048
8488 36080 2048
4491 35916 2048
492 76124 4096
6494 35320 2048
2486 35828 2048
8489 36096 2048
4492 36152 2048
493 36028 2048
6495 71308 4096
8490 35252 2048
494 35404 2048
2487 73744 4096
4493 59964 4096
6496 36032 2048
8491 36112 2048
495 35948 2048
2488 35992 2048
4494 35424 2048
6497 35316 2048
8492 59956 4096
4495 35420 2048
496 60416 4096
2489 60380 4096
8493 36132 2048
6498 71468 4096
497 36080 2048
2490 35856 2048
4496 58664 4096
498 15856 1024
6499 36128 2048
2491 36020 2048
8494 59640 4096
499 36064 2048
6500 35760 2048
4497 60372 4096
8495 36180 2048
2492 70448 4096
4498 36132 2048
500 76408 4096
8496 34384 2048
6501 79488 4096
2493 35764 2048
4499 32188 2048
8497 36148 2048
501 35948 2048
6502 36036 2048
4500 36140 2048
2494 59628 4096
8498 36160 2048
502 34384 2048
6503 60032 4096
2495 36088 2048
8499 32104 2048
503 36048 2048
4501 76528 4096
6504 32148 2048
8500 36072 2048
4502 36160 2048
504 60068 4096
2496 71288 4096
6505 35748 2048
8501 35320 2048
505 35160 2048
4503 35964 2048
2497 35200 2048
6506 36136 2048
4504 35804 2048
8502 77920 4096
506 60164 4096
6507 60328 4096
2498 67356 4096
8503 35296 2048
4505 56172 4096
507 59368 4096
2499 55632 4096
6508 73844 4096
4506 36140 2048
8504 59696 4096
2500 26388 2048
6509 36040 2048
508 71376 4096
8505 36076 2048
2501 35384 2048
4507 60280 4096
509 36196 2048
6510 59200 4096
8506 36176 2048
2502 36088 2048
510 31404 2048
4508 60464 4096
6511 36124 2048
8507 36048 2048
2503 36080 2048
511 35448 2048
4509 36024 2048
6512 35184 2048
2504 60284 4096
8508 71108 4096
6513 36092 2048
512 60320 4096
4510 77692 4096
2505 58580 4096
8509 76420 4096
6514 60360 4096
513 77468 4096
4511 79672 4096
2506 36108 2048
8510 59380 4096
514 35440 2048
6515 74444 4096
2507 58664 4096
515 31772 2048
8511 36096 2048
4512 71440 4096
6516 60336 4096
516 36144 2048
2508 60316 4096
8512 77924 4096
4513 71508 4096
6517 35976 2048
2509 36232 2048
517 60312 4096
4514 35908 2048
8513 75508 4096
6518 59572 4096
518 35376 2048
4515 35876 2048
2510 60420 4096
519 35896 2048
4516 36144 2048
6519 60424 4096
8514 70572 4096
2511 60308 4096
520 36076 2048
6520 36148 2048
2512 35828 2048
4517 71104 4096
8515 60036 4096
6521 35140 2048
521 60236 4096
4518 32080 2048
2513 60272 4096
8516 60288 4096
6522 36096 2048
522 35816 2048
4519 35476 2048
2514 27000 2048
8517 35308 2048
6523 36076 2048
2515 27088 2048
523 69408 4096
4520 71308 4096
8518 74620 4096
6524 70832 4096
524 36132 2048
2516 71152 4096
4521 35520 2048
6525 36104 2048
525 36060 2048
8519 70748 4096
4522 60036 4096
2517 69652 4096
8520 15864 1024
526 36144 2048
6526 60372 4096
4523 36136 2048
8521 59912 4096
527 36240 2048
2518 60300 4096
6527 35984 2048
4524 35516 2048
528 35708 2048
6528 35840 2048
8522 68880 4096
4525 36148 2048
2519 76264 4096
529 60372 4096
8523 32128 2048
2520 35964 2048
6529 74784 4096
4526 59712 4096
530 26776 2048
8524 35408 2048
6530 36108 2048
4527 35068 2048
531 25304 2048
2521 71412 4096
6531 34360 2048
4528 33604 2048
8525 75484 4096
532 78696 4096
2522 77856 4096
6532 60040 4096
8526 67348 4096
4529 70596 4096
533 35924 2048
6533 36100 2048
8527 35776 2048
2523 71000 4096
534 36084 2048
4530 56336 4096
6534 36120 2048
8528 34440 2048
535 36196 2048
4531 35852 2048
2524 60200 4096
6535 36144 2048
8529 36136 2048
4532 31748 2048
2525 34468 2048
536 59588 4096
8530 35680 2048
6536 60296 4096
4533 35888 2048
2526 71368 4096
8531 34352 2048
537 77976 4096
4534 51304 4096
6537 71548 4096
2527 60320 4096
538 35856 2048
4535 36080 2048
8532 71448 4096
6538 60020 4096
2528 34316 2048
539 34368 2048
8533 36088 2048
4536 60272 4096
6539 35880 2048
540 34244 2048
8534 35032 2048
2529 60260 4096
6540 36032 2048
4537 74668 4096
8535 36116 2048
2530 35492 2048
541 74648 4096
6541 36088 2048
4538 35272 2048
8536 33652 2048
6542 35992 2048
2531 60180 4096
542 56044 4096
4539 34968 2048
8537 36116 2048
6543 36040 2048
2532 31872 2048
543 36116 2048
8538 36144 2048
4540 71532 4096
6544 35572 2048
2533 59872 4096
544 60312 4096
8539 60232 4096
6545 35464 2048
4541 74056 4096
2534 35352 2048
545 35604 2048
6546 60356 4096
8540 79380 4096
2535 36124 2048
546 35896 2048
4542 77588 4096
6547 35360 2048
2536 36152 2048
8541 35940 2048
547 71216 4096
6548 36032 2048
2537 35792 2048
8542 36132 2048
4543 71036 4096
548 35816 2048
6549 35808 2048
8543 36164 2048
2538 60232 4096
4544 69624 4096
549 36196 2048
8544 27136 2048
6550 35840 2048
2539 34396 2048
8545 14284 1024
4545 35956 2048
6551 35284 2048
550 60460 4096
8546 36112 2048
4546 35396 2048
2540 60080 4096
6552 36104 2048
551 36048 2048
4547 36156 2048
2541 34092 2048
8547 60192 4096
6553 35892 2048
552 32144 2048
4548 34300 2048
2542 36068 2048
8548 35720 2048
6554 34764 2048
4549 36192 2048
553 76416 4096
2543 35416 2048
6555 36076 2048
8549 58572 4096
4550 35848 2048
554 35772 2048
6556 36100 2048
2544 60492 4096
8550 36124 2048
555 36012 2048
4551 58552 4096
6557 36032 2048
8551 36100 2048
556 26800 2048
2545 76500 4096
6558 30240 2048
8552 26736 2048
4552 57820 4096
557 27140 2048
6559 51168 4096
2546 71316 4096
558 36100 2048
8553 71424 4096
4553 78616 4096
559 35724 2048
6560 60404 4096
2547 60432 4096
4554 36072 2048
8554 76532 4096
2548 36224 2048
560 59860 4096
4555 36168 2048
8555 35404 2048
6561 71324 4096
2549 34388 2048
561 35968 2048
8556 36068 2048
4556 73732 4096
6562 60212 4096
2550 36168 2048
562 36216 2048
8557 59884 4096
2551 35776 2048
563 35380 2048
6563 60288 4096
4557 71180 4096
8558 36024 2048
2552 36084 2048
6564 35960 2048
8559 36048 2048
564 76588 4096
4558 68864 4096
6565 36120 2048
2553 60376 4096
8560 35616 2048
565 36032 2048
4559 35804 2048
2554 27164 2048
6566 32128 2048
2555 35380 2048
8561 71380 4096
566 71448 4096
4560 71384 4096
6567 59360 4096
2556 35348 2048
8562 36064 2048
567 60272 4096
6568 60140 4096
2557 35064 2048
4561 75680 4096
8563 60312 4096
568 34360 2048
6569 35580 2048
2558 36132 2048
4562 59592 4096
569 36152 2048
8564 59900 4096
2559 35856 2048
6570 70508 4096
570 34112 2048
4563 59160 4096
8565 36128 2048
2560 54512 4096
571 36056 2048
6571 54560 4096
8566 36200 2048
4564 70556 4096
572 33828 2048
2561 60256 4096
6572 60012 4096
8567 51320 4096
573 36016 2048
2562 35464 2048
4565 58652 4096
8568 56372 4096
574 36160 2048
6573 76324 4096
4566 71040 4096
2563 76304 4096
8569 36180 2048
6574 36180 2048
575 76364 4096
2564 36104 2048
8570 35756 2048
4567 70424 4096
6575 36176 2048
2565 15940 1024
576 32124 2048
8571 36148 2048
6576 36156 2048
2566 34112 2048
577 36000 2048
4568 71436 4096
8572 36032 2048
2567 36112 2048
578 35724 2048
6577 70372 4096
8573 27016 2048
4569 71376 4096
579 35140 2048
6578 36096 2048
2568 73584 4096
8574 36188 2048
4570 32100 2048
6579 36136 2048
2569 36092 2048
8575 35484 2048
580 59296 4096
4571 35456 2048
581 26828 2048
6580 71280 4096
8576 70872 4096
2570 75648 4096
4572 59876 4096
6581 27180 2048
582 60324 4096
8577 35864 2048
4573 36108 2048
2571 59280 4096
8578 36064 2048
6582 60260 4096
583 50936 4096
2572 34168 2048
4574 69552 4096
8579 36216 2048
584 59632 4096
6583 70740 4096
2573 71428 4096
4575 56332 4096
8580 59404 4096
2574 32124 2048
585 59992 4096
4576 35796 2048
6584 77944 4096
8581 34444 2048
2575 36076 2048
586 35496 2048
8582 26408 2048
6585 59920 4096
4577 76404 4096
2576 36008 2048
587 35580 2048
4578 26852 2048
8583 60360 4096
588 26972 2048
2577 36048 2048
6586 60008 4096
589 15960 1024
4579 59236 4096
8584 60012 4096
2578 58268 4096
6587 59768 4096
590 51320 4096
4580 34404 2048
8585 35960 2048
2579 27136 2048
6588 36072 2048
591 27040 2048
4581 35780 2048
8586 36032 2048
6589 15964 1024
2580 71420 4096
8587 26964 2048
6590 35408 2048
592 68472 4096
4582 60368 4096
2581 36184 2048
8588 36168 2048
6591 36100 2048
593 35112 2048
4583 35728 2048
8589 36132 2048
6592 36156 2048
2582 60304 4096
8590 11180 1024
2583 15684 1024
4584 59788 4096
594 77992 4096
6593 71248 4096
8591 60296 4096
595 35780 2048
2584 60300 4096
4585 59932 4096
596 35740 2048
8592 35484 2048
6594 60064 4096
4586 36176 2048
2585 71396 4096
8593 34056 2048
6595 35848 2048
597 76096 4096
4587 71316 4096
8594 35776 2048
2586 59564 4096
6596 67452 4096
8595 35224 2048
598 59380 4096
4588 76444 4096
2587 76028 4096
6597 36056 2048
599 35080 2048
8596 60052 4096
2588 35432 2048
4589 60384 4096
6598 60520 4096
600 59684 4096
4590 35776 2048
8597 79408 4096
2589 58588 4096
601 35996 2048
6599 76264 4096
2590 36148 2048
4591 60332 4096
8598 71484 4096
602 60320 4096
4592 27144 2048
8599 15720 1024
2591 35952 2048
6600 60352 4096
4593 35376 2048
8600 35936 2048
603 71308 4096
6601 35812 2048
2592 59556 4096
8601 36064 2048
604 34080 2048
6602 36088 2048
4594 59940 4096
2593 36180 2048
605 36052 2048
6603 35284 2048
4595 35996 2048
8602 66936 4096
2594 77764 4096
606 36136 2048
6604 36156 2048
4596 36080 2048
8603 76008 4096
6605 34336 2048
4597 36088 2048
2595 59704 4096
607 76304 4096
2596 35224 2048
8604 60376 4096
608 36164 2048
6606 75644 4096
4598 60260 4096
8605 34376 2048
6607 36188 2048
2597 60280 4096
609 60004 4096
4599 71256 4096
6608 36132 2048
8606 59276 4096
610 35860 2048
2598 60368 4096
4600 35264 2048
6609 31864 2048
611 36080 2048
2599 35812 2048
8607 60404 4096
6610 15756 1024
4601 75412 4096
612 36096 2048
8608 35196 2048
6611 35784 2048
2600 36048 2048
6612 27108 2048
2601 35868 2048
4602 60200 4096
613 60332 4096
8609 60432 4096
2602 35380 2048
6613 60440 4096
4603 59604 4096
614 60308 4096
2603 34148 2048
8610 71508 4096
4604 26748 2048
615 36072 2048
6614 76524 4096
8611 36124 2048
2604 60056 4096
4605 60396 4096
6615 35396 2048
8612 36068 2048
616 60276 4096
2605 35804 2048
8613 34340 2048
617 36128 2048
4606 58468 4096
6616 54592 4096
2606 35316 2048
8614 35564 2048
4607 33548 2048
618 36040 2048
6617 71440 4096
2607 78560 4096
8615 60000 4096
4608 59656 4096
619 60316 4096
6618 60384 4096
620 34004 2048
2608 78036 4096
4609 71536 4096
8616 75980 4096
6619 75784 4096
621 71272 4096
2609 71452 4096
4610 60304 4096
8617 66640 4096
6620 35356 2048
2610 36064 2048
622 60284 4096
8618 35360 2048
4611 60328 4096
8619 15676 1024
2611 35760 2048
6621 60016 4096
623 71392 4096
8620 36128 2048
4612 60332 4096
2612 32184 2048
6622 60360 4096
624 34372 2048
2613 36084 2048
4613 36124 2048
8621 71404 4096
6623 34380 2048
625 35628 2048
2614 34396 2048
4614 36176 2048
8622 36088 2048
6624 60032 4096
4615 35740 2048
626 60404 4096
2615 60400 4096
6625 35296 2048
8623 60088 4096
627 35824 2048
2616 36208 2048
4616 71240 4096
6626 36084 2048
8624 77760 4096
628 71280 4096
2617 76256 4096
4617 58624 4096
6627 60236 4096
4618 26404 2048
2618 35688 2048
8625 70988 4096
629 73872 4096
6628 32108 2048
2619 36044 2048
8626 35788 2048
6629 35812 2048
4619 60300 4096
630 60300 4096
2620 35696 2048
8627 36140 2048
6630 35988 2048
4620 34232 2048
2621 36128 2048
4621 36112 2048
631 76416 4096
6631 50828 4096
8628 71408 4096
2622 35352 2048
632 36076 2048
4622 60128 4096
6632 60032 4096
8629 60260 4096
633 35384 2048
2623 71052 4096
6633 35132 2048
8630 35956 2048
4623 78464 4096
634 60204 4096
2624 56292 4096
6634 35428 2048
8631 60308 4096
635 32088 2048
4624 73692 4096
2625 59968 4096
8632 36172 2048
6635 76420 4096
636 30368 2048
4625 35784 2048
2626 35756 2048
6636 33668 2048
4626 36084 2048
8633 60336 4096
637 79216 4096
4627 35356 2048
2627 60008 4096
8634 34156 2048
6637 75740 4096
638 36020 2048
4628 36168 2048
2628 59580 4096
639 35296 2048
8635 60364 4096
6638 60156 4096
4629 36188 2048
640 35804 2048
2629 36084 2048
8636 36280 2048
4630 35828 2048
6639 69668 4096
2630 35260 2048
8637 36052 2048
4631 34384 2048
641 79304 4096
2631 35340 2048
6640 36080 2048
4632 36124 2048
642 36200 2048
8638 71328 4096
2632 35428 2048
6641 69624 4096
4633 35500 2048
643 35996 2048
8639 32172 2048
2633 35864 2048
6642 35364 2048
4634 35792 2048
8640 35724 2048
644 35380 2048
2634 60332 4096
4635 36152 2048
645 55940 4096
8641 60276 4096
6643 76412 4096
2635 36104 2048
4636 36108 2048
8642 36240 2048
6644 60344 4096
4637 36100 2048
646 77776 4096
2636 60356 4096
4638 36060 2048
8643 71088 4096
6645 70740 4096
647 60220 4096
2637 60224 4096
8644 35076 2048
2638 32128 2048
4639 70996 4096
648 60416 4096
6646 69656 4096
8645 35364 2048
2639 35752 2048
4640 36072 2048
8646 36080 2048
649 60344 4096
6647 60076 4096
2640 35920 2048
4641 36024 2048
8647 35792 2048
650 36112 2048
6648 35412 2048
2641 36112 2048
4642 70932 4096
651 35436 2048
8648 49556 4096
2642 59932 4096
6649 77616 4096
8649 36140 2048
4643 60300 4096
652 60360 4096
6650 35404 2048
8650 36188 2048
4644 35108 2048
2643 79364 4096
6651 35860 2048
653 71020 4096
2644 35728 2048
4645 36052 2048
8651 71080 4096
4646 34368 2048
6652 73908 4096
654 60292 4096
2645 56204 4096
8652 60328 4096
4647 36148 2048
6653 67400 4096
655 77800 4096
2646 67320 4096
8653 36012 2048
4648 35776 2048
6654 34356 2048
656 36136 2048
2647 36004 2048
8654 36116 2048
4649 59608 4096
2648 36116 2048
8655 35784 2048
6655 60312 4096
657 59616 4096
4650 34456 2048
2649 35740 2048
8656 35756 2048
6656 35432 2048
658 70772 4096
8657 36156 2048
6657 36096 2048
4651 60436 4096
2650 58472 4096
8658 35848 2048
6658 35416 2048
4652 35680 2048
2651 34464 2048
659 79332 4096
2652 36052 2048
6659 59996 4096
8659 71368 4096
660 35368 2048
4653 71144 4096
6660 35700 2048
661 36068 2048
4654 36084 2048
2653 60204 4096
8660 60108 4096
6661 36204 2048
662 35932 2048
2654 36168 2048
8661 36144 2048
4655 59604 4096
663 26928 2048
2655 36116 2048
6662 60296 4096
8662 35956 2048
664 36052 2048
4656 76444 4096
2656 36068 2048
6663 35392 2048
8663 36056 2048
665 27052 2048
6664 36112 2048
8664 36036 2048
2657 60232 4096
4657 71416 4096
666 59324 4096
6665 34384 2048
8665 36132 2048
2658 32092 2048
667 36120 2048
2659 16008 1024
4658 67384 4096
8666 51292 4096
6666 58616 4096
668 34408 2048
4659 34284 2048
2660 36208 2048
8667 35888 2048
6667 58580 4096
669 36168 2048
4660 36100 2048
2661 35840 2048
2662 35372 2048
8668 71048 4096
4661 35080 2048
6668 59244 4096
670 60004 4096
6669 15712 1024
4662 36072 2048
671 35300 2048
2663 71432 4096
8669 78640 4096
4663 36112 2048
6670 70628 4096
8670 35812 2048
672 74688 4096
2664 60392 4096
4664 71388 4096
8671 36120 2048
6671 60284 4096
2665 36088 2048
673 60244 4096
4665 35924 2048
2666 35344 2048
6672 60228 4096
674 36108 2048
8672 71444 4096
2667 32032 2048
4666 74972 4096
675 36080 2048
8673 59516 4096
6673 79316 4096
4667 34152 2048
676 36164 2048
2668 70732 4096
8674 35848 2048
4668 34392 2048
6674 60124 4096
8675 34396 2048
677 73628 4096
2669 60392 4096
4669 35928 2048
678 27064 2048
6675 79200 4096
8676 60240 4096
4670 36100 2048
2670 76408 4096
6676 36016 2048
679 71268 4096
2671 36000 2048
4671 60300 4096
8677 71384 4096
680 16016 1024
6677 60192 4096
2672 60344 4096
4672 58280 4096
6678 35988 2048
681 60332 4096
8678 77928 4096
2673 35824 2048
4673 36024 2048
6679 34060 2048
682 35828 2048
8679 32148 2048
2674 36064 2048
4674 35948 2048
8680 36188 2048
683 60152 4096
6680 71120 4096
4675 35776 2048
2675 58648 4096
8681 60104 4096
4676 36112 2048
6681 60028 4096
684 74008 4096
2676 35716 2048
8682 36208 2048
6682 35896 2048
685 35112 2048
8683 15756 1024
4677 60360 4096
2677 60296 4096
686 35568 2048
4678 36092 2048
6683 74260 4096
8684 59944 4096
2678 60252 4096
4679 34380 2048
687 71308 4096
8685 35964 2048
6684 67468 4096
2679 35736 2048
4680 35696 2048
688 36072 2048
8686 60416 4096
2680 35772 2048
4681 36072 2048
6685 71432 4096
689 60024 4096
2681 35988 2048
6686 35820 2048
8687 59988 4096
4682 60172 4096
690 36184 2048
2682 34364 2048
8688 30408 2048
6687 59988 4096
691 35768 2048
4683 60436 4096
8689 36160 2048
2683 71456 4096
4684 35692 2048
6688 60312 4096
8690 36084 2048
692 60020 4096
2684 36212 2048
6689 36080 2048
4685 71040 4096
693 70924 4096
8691 74284 4096
2685 79244 4096
6690 35700 2048
694 36168 2048
8692 35880 2048
4686 60368 4096
2686 71436 4096
6691 71108 4096
8693 32068 2048
4687 36232 2048
695 60308 4096
2687 35780 2048
8694 35632 2048
4688 36020 2048
6692 76040 4096
696 35828 2048
8695 36124 2048
2688 60280 4096
4689 36104 2048
697 36088 2048
6693 60088 4096
8696 35384 2048
698 36156 2048
4690 50956 4096
2689 59536 4096
8697 35876 2048
6694 60360 4096
699 36132 2048
4691 36084 2048
2690 35852 2048
6695 35708 2048
700 32120 2048
8698 77800 4096
4692 59600 4096
2691 60136 4096
6696 32076 2048
701 36044 2048
8699 35808 2048
4693 35336 2048
2692 34352 2048
702 15908 1024
6697 36212 2048
4694 59976 4096
8700 77808 4096
703 60260 4096
2693 75384 4096
6698 71396 4096
4695 35860 2048
8701 27156 2048
704 36080 2048
2694 60260 4096
6699 36160 2048
4696 36140 2048
8702 36104 2048
705 60096 4096
6700 35680 2048
2695 59604 4096
8703 36080 2048
4697 59736 4096
706 35328 2048
6701 36144 2048
8704 34336 2048
4698 36140 2048
2696 60404 4096
707 35804 2048
6702 69048 4096
708 16080 1024
4699 35952 2048
8705 59596 4096
2697 60288 4096
4700 35504 2048
8706 34496 2048
6703 56264 4096
709 71284 4096
2698 27140 2048
6704 36096 2048
8707 59564 4096
4701 71300 4096
2699 60212 4096
710 71400 4096
8708 35604 2048
4702 36052 2048
6705 70428 4096
711 36016 2048
2700 76148 4096
8709 36016 2048
6706 36060 2048
712 35808 2048
4703 59444 4096
8710 36168 2048
2701 60084 4096
4704 34304 2048
6707 73900 4096
713 60280 4096
8711 35352 2048
2702 35740 2048
4705 60312 4096
8712 35812 2048
6708 58572 4096
714 59360 4096
2703 36124 2048
8713 16004 1024
4706 35684 2048
715 36168 2048
2704 36000 2048
6709 60240 4096
8714 36224 2048
4707 25008 2048
716 36204 2048
2705 36100 2048
6710 35436 2048
8715 34384 2048
4708 36084 2048
717 36176 2048
2706 35504 2048
6711 36188 2048
8716 34424 2048
4709 71372 4096
2707 32172 2048
718 35808 2048
6712 36004 2048
4710 15944 1024
8717 60396 4096
719 35336 2048
2708 58556 4096
4711 35068 2048
6713 59220 4096
8718 33744 2048
2709 35452 2048
720 60060 4096
4712 35880 2048
6714 36028 2048
8719 71668 4096
721 32132 2048
4713 35392 2048
2710 60256 4096
6715 59576 4096
8720 36064 2048
722 36148 2048
4714 35724 2048
6716 35988 2048
2711 59948 4096
8721 71124 4096
723 71020 4096
4715 58600 4096
6717 36088 2048
2712 35804 2048
4716 7000 512
8722 36088 2048
6718 35840 2048
2713 35664 2048
724 71108 4096
4717 58604 4096
8723 36012 2048
6719 36168 2048
725 36136 2048
2714 60276 4096
4718 36076 2048
6720 35504 2048
726 27088 2048
8724 76432 4096
2715 35392 2048
4719 36144 2048
8725 15796 1024
6721 60360 4096
8726 15940 1024
727 69784 4096
2716 60328 4096
4720 60416 4096
6722 35792 2048
728 35408 2048
4721 33576 2048
8727 59640 4096
2717 59380 4096
6723 27104 2048
729 60296 4096
4722 59324 4096
8728 71164 4096
2718 70672 4096
6724 76520 4096
730 59792 4096
6725 27084 2048
4723 59472 4096
2719 35608 2048
8729 76516 4096
731 36104 2048
4724 35824 2048
6726 58260 4096
2720 75780 4096
8730 67276 4096
4725 35408 2048
732 58512 4096
6727 35844 2048
2721 35268 2048
8731 36116 2048
733 34412 2048
4726 60340 4096
6728 36156 2048
2722 34452 2048
734 36148 2048
8732 60328 4096
4727 35360 2048
6729 36004 2048
2723 79560 4096
8733 36060 2048
735 60076 4096
4728 60424 4096
6730 56352 4096
8734 36088 2048
4729 34420 2048
6731 36076 2048
2724 71384 4096
736 74748 4096
8735 34376 2048
4730 35892 2048
2725 51308 4096
6732 60172 4096
737 35960 2048
8736 36156 2048
4731 36012 2048
2726 34944 2048
6733 36236 2048
738 59760 4096
4732 35732 2048
8737 77852 4096
6734 34044 2048
2727 60036 4096
8738 27080 2048
6735 26804 2048
739 59704 4096
4733 76392 4096
2728 35812 2048
8739 60344 4096
6736 60108 4096
4734 35716 2048
740 58560 4096
2729 36096 2048
8740 36116 2048
6737 34324 2048
2730 32040 2048
4735 60252 4096
741 60008 4096
6738 35692 2048
8741 69732 4096
4736 35384 2048
742 36128 2048
2731 59540 4096
6739 36120 2048
4737 35808 2048
743 60372 4096
2732 59340 4096
8742 78640 4096
6740 70408 4096
4738 59592 4096
8743 36100 2048
2733 60276 4096
744 71348 4096
6741 34496 2048
8744 36292 2048
4739 60316 4096
745 35112 2048
8745 16036 1024
6742 36040 2048
2734 76364 4096
4740 35428 2048
8746 36200 2048
2735 36200 2048
746 76344 4096
6743 60224 4096
4741 33676 2048
2736 27028 2048
8747 59616 4096
4742 34340 2048
6744 60252 4096
747 76352 4096
2737 36128 2048
8748 34368 2048
6745 45748 4096
4743 59656 4096
748 60248 4096
2738 58620 4096
8749 76200 4096
4744 35792 2048
749 30396 2048
2739 31084 2048
6746 74756 4096
8750 35180 2048
2740 34408 2048
4745 60036 4096
6747 36112 2048
750 70508 4096
8751 36028 2048
2741 36040 2048
4746 36084 2048
6748 34408 2048
751 35672 2048
2742 35800 2048
8752 71400 4096
6749 35068 2048
752 35064 2048
4747 69508 4096
6750 36048 2048
753 35168 2048
8753 59492 4096
4748 35872 2048
2743 73664 4096
6751 36176 2048
8754 35496 2048
2744 34136 2048
754 74364 4096
4749 60340 4096
6752 35748 2048
8755 36148 2048
2745 35464 2048
6753 36104 2048
755 60400 4096
8756 35736 2048
4750 71364 4096
2746 36140 2048
6754 36152 2048
8757 36136 2048
2747 36140 2048
756 71336 4096
4751 59956 4096
6755 36100 2048
8758 34436 2048
2748 36108 2048
757 35956 2048
4752 58572 4096
8759 35828 2048
6756 60280 4096
2749 56256 4096
758 59960 4096
8760 32036 2048
4753 70584 4096
2750 36072 2048
6757 55920 4096
759 36056 2048
4754 35384 2048
2751 36188 2048
8761 71336 4096
6758 36216 2048
760 35884 2048
6759 7036 512
4755 34904 2048
2752 36060 2048
6760 36200 2048
8762 60416 4096
2753 15736 1024
761 58664 4096
4756 36076 2048
6761 36148 2048
2754 34404 2048
762 36160 2048
6762 15856 1024
8763 71144 4096
4757 59972 4096
2755 35816 2048
763 35568 2048
4758 16124 1024
6763 35792 2048
8764 71436 4096
2756 59680 4096
4759 35776 2048
764 70720 4096
6764 60400 4096
8765 36204 2048
2757 36016 2048
6765 34368 2048
4760 73944 4096
8766 36108 2048
2758 35948 2048
765 75808 4096
6766 27088 2048
4761 35844 2048
766 16060 1024
2759 36080 2048
8767 74764 4096
6767 35996 2048
767 36088 2048
2760 35844 2048
4762 60336 4096
8768 34444 2048
6768 36096 2048
2761 21348 2048
768 36084 2048
4763 35928 2048
2762 36048 2048
8769 57752 4096
6769 70668 4096
4764 36112 2048
769 60316 4096
2763 36160 2048
6770 36152 2048
8770 70592 4096
4765 59580 4096
770 60328 4096
6771 36144 2048
2764 71376 4096
8771 36120 2048
4766 36136 2048
771 36064 2048
2765 35400 2048
6772 59496 4096
4767 35684 2048
772 36140 2048
8772 76100 4096
2766 35936 2048
773 26768 2048
4768 35376 2048
6773 70540 4096
2767 36120 2048
774 35600 2048
8773 71356 4096
6774 35940 2048
4769 71092 4096
775 26872 2048
8774 35824 2048
2768 60268 4096
776 15960 1024
4770 35736 2048
8775 27040 2048
6775 70784 4096
2769 36068 2048
777 27084 2048
8776 36164 2048
6776 34372 2048
4771 75704 4096
2770 60500 4096
778 74604 4096
6777 36204 2048
8777 59624 4096
2771 35880 2048
4772 79308 4096
779 34428 2048
6778 36036 2048
8778 67560 4096
4773 35756 2048
780 35096 2048
6779 35728 2048
2772 70676 4096
4774 36148 2048
781 36092 2048
6780 27008 2048
8779 60276 4096
2773 36132 2048
4775 35932 2048
8780 36076 2048
6781 58616 4096
782 76540 4096
2774 59612 4096
8781 34404 2048
4776 71000 4096
6782 36108 2048
783 36204 2048
6783 16016 1024
2775 60152 4096
8782 71444 4096
2776 29252 2048
4777 78796 4096
6784 35704 2048
784 70540 4096
8783 36124 2048
2777 36032 2048
785 26408 2048
4778 35796 2048
6785 60172 4096
786 35720 2048
4779 36148 2048
8784 71300 4096
6786 36000 2048
2778 77552 4096
787 36156 2048
8785 35836 2048
4780 59928 4096
6787 36032 2048
2779 60312 4096
788 35096 2048
6788 36160 2048
8786 56436 4096
4781 74684 4096
789 36108 2048
2780 59980 4096
8787 36164 2048
4782 32076 2048
6789 59408 4096
790 73716 4096
8788 36128 2048
4783 36052 2048
2781 76372 4096
6790 60252 4096
4784 33624 2048
791 73688 4096
8789 60352 4096
6791 35844 2048
2782 71340 4096
4785 34280 2048
8790 35388 2048
6792 27080 2048
2783 35992 2048
792 71432 4096
4786 36104 2048
8791 32108 2048
6793 35320 2048
793 34444 2048
4787 36104 2048
2784 60084 4096
8792 35672 2048
794 34364 2048
6794 60248 4096
4788 35344 2048
2785 59380 4096
8793 76416 4096
795 36088 2048
6795 35852 2048
796 16012 1024
4789 60304 4096
2786 36108 2048
6796 35372 2048
8794 35476 2048
4790 35228 2048
2787 35460 2048
8795 35360 2048
797 59500 4096
6797 36152 2048
798 35852 2048
8796 36008 2048
4791 60276 4096
2788 59996 4096
6798 74576 4096
4792 27096 2048
799 33540 2048
8797 35400 2048
2789 36032 2048
6799 35996 2048
800 35824 2048
2790 35896 2048
4793 70848 4096
8798 76564 4096
6800 36120 2048
2791 36064 2048
4794 36148 2048
801 71504 4096
8799 34372 2048
6801 36132 2048
2792 16076 1024
4795 60440 4096
802 60172 4096
8800 71380 4096
6802 71496 4096
2793 77720 4096
803 58624 4096
4796 71352 4096
8801 60228 4096
6803 57404 4096
2794 75288 4096
804 36112 2048
8802 36128 2048
4797 60372 4096
6804 69700 4096
805 35380 2048
2795 60012 4096
8803 36208 2048
4798 71008 4096
806 35892 2048
2796 35820 2048
8804 34400 2048
6805 76064 4096
4799 16072 1024
2797 35824 2048
6806 32144 2048
807 59556 4096
4800 34392 2048
8805 60056 4096
2798 36204 2048
6807 27020 2048
8806 34376 2048
4801 36144 2048
808 60220 4096
2799 59528 4096
809 34348 2048
6808 77636 4096
8807 67364 4096
4802 78496 4096
8808 6264 512
2800 34356 2048
810 36116 2048
6809 36096 2048
4803 35880 2048
2801 35924 2048
8809 56280 4096
811 60360 4096
6810 58768 4096
8810 36156 2048
6811 15272 1024
4804 70980 4096
2802 69776 4096
812 34428 2048
2803 32048 2048
8811 71476 4096
4805 60264 4096
6812 71044 4096
813 59620 4096
4806 35308 2048
6813 36020 2048
2804 67044 4096
8812 67428 4096
814 71412 4096
6814 36140 2048
2805 36096 2048
4807 60352 4096
8813 35904 2048
815 60392 4096
2806 36012 2048
4808 36140 2048
8814 36088 2048
6815 71200 4096
4809 34188 2048
8815 36172 2048
2807 67320 4096
816 71492 4096
6816 71332 4096
4810 35360 2048
8816 36068 2048
817 34308 2048
2808 36124 2048
6817 32064 2048
8817 34340 2048
4811 60312 4096
818 59160 4096
6818 35276 2048
2809 60216 4096
8818 36136 2048
4812 34392 2048
4813 1228 128
819 35792 2048
6819 36100 2048
2810 71396 4096
4814 36008 2048
6820 36160 2048
8819 70264 4096
820 71348 4096
4815 26840 2048
2811 60348 4096
6821 35712 2048
8820 76428 4096
4816 36060 2048
821 60420 4096
2812 36176 2048
6822 60292 4096
2813 26744 2048
822 34364 2048
4817 60348 4096
8821 59876 4096
6823 58512 4096
823 36072 2048
8822 36072 2048
2814 60248 4096
4818 60192 4096
6824 15980 1024
824 60384 4096
8823 59488 4096
2815 73880 4096
4819 71348 4096
6825 76340 4096
8824 27052 2048
825 56396 4096
4820 36124 2048
2816 60336 4096
6826 78736 4096
8825 60440 4096
826 60000 4096
2817 36152 2048
4821 60092 4096
6827 36156 2048
2818 35916 2048
8826 71312 4096
827 60344 4096
4822 76324 4096
2819 36128 2048
8827 36256 2048
828 34272 2048
6828 79448 4096
4823 32176 2048
6829 16016 1024
8828 35572 2048
829 59568 4096
2820 71304 4096
8829 36196 2048
4824 59556 4096
6830 60368 4096
830 35896 2048
2821 35808 2048
6831 35816 2048
8830 60420 4096
2822 35936 2048
4825 70828 4096
831 60320 4096
6832 32160 2048
4826 35692 2048
8831 71280 4096
2823 59516 4096
832 59984 4096
6833 74696 4096
2824 36124 2048
4827 71220 4096
8832 59740 4096
833 60240 4096
2825 35860 2048
4828 33980 2048
6834 60248 4096
8833 35764 2048
834 35344 2048
2826 36068 2048
4829 34864 2048
8834 36000 2048
835 36136 2048
6835 70340 4096
2827 36084 2048
4830 32080 2048
8835 36132 2048
2828 35704 2048
4831 31796 2048
836 60296 4096
6836 71456 4096
8836 35884 2048
2829 15988 1024
4832 36104 2048
6837 35552 2048
837 51184 4096
8837 71044 4096
2830 76404 4096
6838 36080 2048
4833 60404 4096
838 71508 4096
2831 36024 2048
8838 36124 2048
6839 36088 2048
2832 15992 1024
839 35372 2048
4834 60388 4096
8839 35992 2048
6840 35320 2048
840 36080 2048
4835 36132 2048
2833 77948 4096
8840 60352 4096
6841 59556 4096
841 35448 2048
2834 36200 2048
4836 60384 4096
8841 36044 2048
6842 36148 2048
842 36128 2048
6843 34320 2048
8842 36084 2048
2835 59696 4096
4837 71480 4096
8843 27020 2048
843 76444 4096
6844 35816 2048
2836 60364 4096
4838 58604 4096
8844 36172 2048
844 32224 2048
6845 60072 4096
845 16032 1024
4839 34392 2048
2837 73924 4096
8845 60332 4096
6846 36104 2048
846 35996 2048
4840 71392 4096
6847 36180 2048
847 35884 2048
2838 60292 4096
8846 68900 4096
4841 32132 2048
6848 35344 2048
848 36144 2048
2839 60036 4096
8847 59984 4096
4842 35264 2048
849 33960 2048
6849 59936 4096
2840 36112 2048
850 36092 2048
8848 75684 4096
4843 60356 4096
6850 59976 4096
2841 58592 4096
8849 58656 4096
851 70436 4096
4844 71368 4096
2842 27148 2048
6851 60376 4096
8850 35860 2048
6852 35292 2048
852 60420 4096
4845 77532 4096
2843 76392 4096
8851 35780 2048
853 35352 2048
4846 36036 2048
6853 71152 4096
2844 59200 4096
8852 71412 4096
2845 15952 1024
854 60376 4096
4847 71388 4096
6854 76396 4096
8853 60204 4096
2846 60112 4096
4848 35532 2048
855 71440 4096
2847 36080 2048
6855 76560 4096
4849 36064 2048
8854 60428 4096
856 35380 2048
2848 15984 1024
4850 36108 2048
8855 35352 2048
857 35760 2048
6856 73984 4096
2849 35352 2048
4851 34428 2048
8856 36068 2048
858 58552 4096
6857 60284 4096
2850 71440 4096
4852 35388 2048
8857 60096 4096
4853 35720 2048
859 71212 4096
6858 59908 4096
2851 71400 4096
8858 36084 2048
4854 35832 2048
6859 34280 2048
860 60340 4096
8859 36024 2048
4855 36140 2048
2852 76456 4096
6860 35236 2048
861 34000 2048
8860 26812 2048
6861 15800 1024
4856 32224 2048
862 35328 2048
8861 36164 2048
2853 60336 4096
6862 36060 2048
4857 35820 2048
863 35424 2048
2854 36092 2048
6863 35844 2048
8862 71080 4096
864 36088 2048
2855 34912 2048
4858 70936 4096
6864 36160 2048
8863 59656 4096
2856 51000 4096
865 60372 4096
4859 70780 4096
6865 60260 4096
2857 34320 2048
866 35820 2048
8864 60396 4096
6866 35784 2048
4860 36080 2048
867 31856 2048
6867 32104 2048
2858 71368 4096
8865 60120 4096
4861 76476 4096
868 70232 4096
8866 35336 2048
6868 75560 4096
4862 35344 2048
2859 74592 4096
869 36228 2048
8867 36144 2048
6869 36116 2048
2860 36004 2048
4863 59564 4096
8868 36088 2048
870 59300 4096
2861 36132 2048
6870 59676 4096
8869 35796 2048
4864 71484 4096
2862 35456 2048
871 35824 2048
6871 36104 2048
8870 59804 4096
6872 35472 2048
872 56432 4096
2863 60264 4096
4865 76428 4096
8871 35760 2048
873 32188 2048
2864 35412 2048
4866 35932 2048
6873 71364 4096
874 36076 2048
2865 36208 2048
8872 73868 4096
6874 36080 2048
4867 59180 4096
2866 36140 2048
6875 35776 2048
875 71220 4096
8873 60400 4096
4868 79208 4096
6876 26944 2048
2867 59340 4096
876 36064 2048
8874 35344 2048
877 35704 2048
2868 36148 2048
4869 60328 4096
8875 36180 2048
6877 59580 4096
878 35744 2048
8876 31880 2048
4870 36064 2048
2869 60364 4096
6878 60340 4096
879 34004 2048
8877 51252 4096
2870 32108 2048
4871 71380 4096
6879 36160 2048
880 36148 2048
8878 36104 2048
2871 36212 2048
6880 36084 2048
4872 58336 4096
881 36084 2048
8879 36176 2048
2872 60256 4096
4873 36036 2048
882 36072 2048
6881 74504 4096
8880 70776 4096
4874 33288 2048
883 36136 2048
2873 60176 4096
6882 58624 4096
2874 36016 2048
884 60384 4096
8881 70708 4096
4875 77968 4096
6883 59824 4096
2875 35908 2048
8882 35964 2048
885 60348 4096
4876 60232 4096
2876 32104 2048
6884 60384 4096
8883 36192 2048
886 59908 4096
4877 60276 4096
2877 60048 4096
6885 77964 4096
8884 77644 4096
887 36056 2048
4878 33380 2048
2878 36148 2048
6886 22388 2048
888 35336 2048
4879 35272 2048
2879 26320 2048
8885 59408 4096
6887 60164 4096
2880 36116 2048
4880 51036 4096
889 59952 4096
8886 78008 4096
2881 36076 2048
4881 33628 2048
6888 59840 4096
890 60080 4096
2882 35428 2048
6889 31088 2048
8887 71424 4096
4882 60332 4096
891 51360 4096
2883 35164 2048
6890 34200 2048
4883 31792 2048
8888 60304 4096
6891 35396 2048
892 55536 4096
2884 71180 4096
6892 15712 1024
4884 71476 4096
8889 70744 4096
893 71188 4096
4885 35768 2048
6893 60304 4096
8890 36008 2048
2885 77808 4096
894 35736 2048
4886 35496 2048
8891 35752 2048
6894 59864 4096
2886 74164 4096
4887 35856 2048
8892 34916 2048
895 71324 4096
4888 36000 2048
6895 69536 4096
8893 36144 2048
896 35876 2048
2887 69576 4096
6896 35392 2048
8894 36072 2048
897 35768 2048
4889 76436 4096
2888 60276 4096
8895 60212 4096
4890 36184 2048
6897 77588 4096
2889 35900 2048
898 71356 4096
2890 16048 1024
4891 35380 2048
6898 35376 2048
899 35080 2048
8896 60276 4096
2891 35936 2048
6899 35536 2048
900 35912 2048
8897 36152 2048
4892 60412 4096
2892 35992 2048
901 36020 2048
4893 32180 2048
8898 36180 2048
6900 59336 4096
2893 36044 2048
4894 36076 2048
6901 35744 2048
902 71080 4096
8899 71352 4096
2894 60320 4096
8900 35128 2048
6902 60056 4096
4895 77900 4096
903 58876 4096
2895 32176 2048
6903 31344 2048
4896 35232 2048
904 56308 4096
8901 69800 4096
2896 71376 4096
4897 35756 2048
6904 71312 4096
905 36132 2048
2897 32096 2048
8902 71460 4096
4898 58584 4096
2898 60232 4096
6905 76344 4096
8903 36076 2048
906 77804 4096
4899 77956 4096
2899 36048 2048
6906 35464 2048
8904 35540 2048
907 56260 4096
4900 32104 2048
6907 36168 2048
2900 55992 4096
908 36156 2048
8905 71408 4096
4901 33644 2048
909 35856 2048
6908 74556 4096
2901 71060 4096
8906 74636 4096
4902 71000 4096
6909 36144 2048
910 59696 4096
2902 79580 4096
4903 60376 4096
8907 76448 4096
6910 59992 4096
911 59612 4096
2903 35968 2048
4904 35012 2048
8908 36000 2048
912 35892 2048
6911 60068 4096
4905 35704 2048
8909 35336 2048
2904 60320 4096
913 35340 2048
6912 33932 2048
4906 35432 2048
2905 36116 2048
914 36124 2048
8910 69588 4096
6913 36064 2048
4907 35820 2048
8911 34416 2048
2906 59988 4096
915 35420 2048
4908 35964 2048
6914 73636 4096
916 34936 2048
2907 34888 2048
4909 36036 2048
8912 58392 4096
2908 36128 2048
917 35492 2048
6915 67336 4096
8913 34152 2048
4910 58360 4096
8914 15992 1024
918 36204 2048
4911 15996 1024
6916 35820 2048
2909 60036 4096
4912 36172 2048
6917 36040 2048
8915 58652 4096
919 60184 4096
2910 60296 4096
4913 36128 2048
920 35404 2048
6918 60212 4096
2911 36172 2048
8916 74704 4096
4914 36248 2048
6919 32224 2048
921 56300 4096
8917 36120 2048
2912 67476 4096
4915 59968 4096
6920 36028 2048
922 35816 2048
8918 31208 2048
4916 36036 2048
2913 59612 4096
923 36112 2048
8919 36176 2048
6921 71392 4096
4917 36160 2048
924 36112 2048
8920 36036 2048
2914 60324 4096
6922 36104 2048
4918 35412 2048
925 36068 2048
2915 36024 2048
8921 60260 4096
4919 35788 2048
6923 74044 4096
926 35940 2048
2916 35720 2048
8922 35444 2048
4920 36048 2048
2917 36116 2048
6924 59536 4096
927 70704 4096
8923 71456 4096
6925 36160 2048
2918 36176 2048
4921 71452 4096
928 76352 4096
8924 35820 2048
6926 36176 2048
929 16000 1024
2919 60264 4096
4922 75780 4096
8925 35740 2048
2920 35724 2048
930 36204 2048
6927 77432 4096
4923 32092 2048
8926 76036 4096
931 36168 2048
2921 70704 4096
4924 71376 4096
6928 74008 4096
932 36140 2048
8927 60280 4096
6929 16104 1024
2922 36112 2048
4925 32176 2048
933 36044 2048
6930 27072 2048
8928 36156 2048
4926 36172 2048
2923 59576 4096
934 27084 2048
6931 36212 2048
8929 36036 2048
4927 35784 2048
935 36112 2048
2924 60368 4096
6932 60332 4096
8930 59988 4096
4928 73812 4096
936 60384 4096
6933 35080 2048
2925 75780 4096
4929 36116 2048
8931 75824 4096
6934 35328 2048
937 71336 4096
2926 36072 2048
6935 32156 2048
4930 58492 4096
938 34372 2048
8932 71404 4096
6936 15724 1024
2927 59932 4096
4931 36116 2048
939 33560 2048
8933 32088 2048
6937 36120 2048
2928 60072 4096
940 35536 2048
8934 36084 2048
4932 51296 4096
6938 34216 2048
2929 27092 2048
6939 34960 2048
4933 59924 4096
941 71388 4096
8935 71332 4096
2930 35844 2048
6940 36112 2048
942 35864 2048
8936 36100 2048
2931 35812 2048
4934 60264 4096
8937 36140 2048
943 35840 2048
6941 60160 4096
2932 36104 2048
4935 35792 2048
8938 35652 2048
6942 36144 2048
2933 36036 2048
4936 35420 2048
944 56308 4096
8939 36112 2048
6943 35816 2048
2934 35100 2048
4937 60336 4096
945 60032 4096
8940 36028 2048
2935 36156 2048
6944 59544 4096
4938 36108 2048
2936 35992 2048
946 74100 4096
6945 34396 2048
8941 76444 4096
4939 35964 2048
2937 36132 2048
6946 34292 2048
947 58584 4096
8942 59560 4096
2938 35668 2048
4940 71120 4096
6947 36084 2048
8943 16000 1024
948 60084 4096
4941 35892 2048
6948 36152 2048
2939 78284 4096
8944 56040 4096
949 36084 2048
6949 35356 2048
4942 60388 4096
2940 35808 2048
8945 36004 2048
950 36148 2048
4943 35340 2048
2941 34088 2048
6950 70648 4096
951 36124 2048
8946 59544 4096
4944 35372 2048
2942 35972 2048
6951 51196 4096
2943 36200 2048
952 74656 4096
8947 70692 4096
4945 60412 4096
6952 25428 2048
953 27008 2048
8948 36196 2048
4946 36084 2048
2944 78532 4096
6953 51300 4096
954 35676 2048
4947 36168 2048
8949 56280 4096
2945 36168 2048
6954 35768 2048
955 69640 4096
2946 36156 2048
4948 60276 4096
6955 66528 4096
8950 76452 4096
956 36148 2048
4949 36032 2048
2947 59404 4096
6956 36164 2048
8951 36044 2048
4950 35840 2048
957 60292 4096
6957 36124 2048
8952 36136 2048
4951 16020 1024
2948 59908 4096
6958 32108 2048
958 70668 4096
8953 60216 4096
4952 60256 4096
2949 70348 4096
959 35392 2048
6959 60288 4096
8954 35972 2048
4953 35828 2048
2950 35852 2048
960 36076 2048
8955 35968 2048
4954 36144 2048
6960 57700 4096
2951 58576 4096
961 35760 2048
8956 32080 2048
4955 35280 2048
6961 60276 4096
2952 35772 2048
962 35888 2048
4956 35732 2048
8957 71220 4096
6962 35756 2048
2953 36096 2048
963 35836 2048
4957 32428 2048
4958 16052 1024
964 33904 2048
8958 74388 4096
6963 67100 4096
2954 71456 4096
4959 36152 2048
965 36108 2048
6964 35780 2048
4960 35744 2048
8959 74200 4096
966 35956 2048
2955 69624 4096
6965 36068 2048
8960 32080 2048
4961 36136 2048
967 36124 2048
2956 35404 2048
6966 36188 2048
968 33552 2048
8961 36108 2048
6967 35800 2048
4962 76196 4096
2957 74636 4096
969 34252 2048
8962 59976 4096
6968 36132 2048
4963 60080 4096
2958 60260 4096
970 60036 4096
8963 35396 2048
6969 36004 2048
4964 36084 2048
2959 34276 2048
8964 36048 2048
6970 60228 4096
971 78240 4096
4965 35472 2048
2960 35376 2048
4966 16036 1024
8965 60328 4096
972 35392 2048
2961 36152 2048
6971 58504 4096
4967 33556 2048
973 35796 2048
6972 35348 2048
8966 67524 4096
974 16008 1024
2962 59976 4096
4968 56240 4096
8967 15976 1024
6973 35316 2048
975 36204 2048
2963 50856 4096
4969 36020 2048
8968 35808 2048
976 36040 2048
6974 71004 4096
4970 35316 2048
8969 35916 2048
2964 60296 4096
6975 36200 2048
4971 32160 2048
8970 35760 2048
977 71044 4096
2965 36212 2048
6976 35932 2048
8971 32156 2048
4972 59584 4096
978 59252 4096
2966 59868 4096
8972 34376 2048
4973 31872 2048
6977 71216 4096
2967 36124 2048
979 60240 4096
4974 36152 2048
8973 51028 4096
6978 36100 2048
2968 35428 2048
980 36148 2048
6979 27084 2048
8974 35916 2048
4975 60340 4096
8975 35408 2048
2969 70960 4096
981 71296 4096
4976 32004 2048
6980 71416 4096
8976 36048 2048
2970 36076 2048
4977 35384 2048
982 74036 4096
6981 71348 4096
8977 60040 4096
2971 60196 4096
4978 71332 4096
983 59308 4096
2972 35240 2048
6982 70644 4096
4979 36032 2048
8978 77748 4096
984 60004 4096
4980 34340 2048
6983 56344 4096
2973 71416 4096
8979 59996 4096
4981 35792 2048
6984 35384 2048
985 70972 4096
8980 35376 2048
2974 58648 4096
4982 27132 2048
6985 36060 2048
2975 36020 2048
986 59640 4096
8981 58592 4096
4983 36084 2048
6986 60192 4096
4984 36168 2048
2976 58572 4096
987 71496 4096
8982 70608 4096
6987 70120 4096
8983 36144 2048
4985 71352 4096
2977 60344 4096
988 60412 4096
8984 35796 2048
6988 71212 4096
2978 36156 2048
4986 36240 2048
989 34308 2048
8985 36128 2048
6989 36168 2048
2979 36120 2048
4987 71252 4096
990 60332 4096
6990 35820 2048
2980 35820 2048
8986 71100 4096
991 36092 2048
2981 36140 2048
4988 70732 4096
8987 36292 2048
6991 76212 4096
992 36032 2048
2982 35148 2048
8988 35872 2048
4989 60232 4096
993 36152 2048
4990 6988 512
6992 60328 4096
2983 60092 4096
994 36100 2048
4991 35396 2048
8989 59996 4096
2984 36124 2048
6993 60208 4096
995 36112 2048
4992 36176 2048
8990 36112 2048
2985 35736 2048
6994 59696 4096
4993 36012 2048
8991 36092 2048
996 71404 4096
2986 36168 2048
6995 35792 2048
8992 36184 2048
4994 60380 4096
2987 35872 2048
997 69680 4096
8993 35768 2048
6996 77652 4096
2988 36148 2048
998 27132 2048
4995 58636 4096
8994 35396 2048
4996 15996 1024
6997 36168 2048
2989 34476 2048
999 36188 2048
8995 34344 2048
2990 36036 2048
1000 36180 2048
4997 78656 4096
6998 75732 4096
8996 59956 4096
2991 60280 4096
6999 36188 2048
1001 60320 4096
4998 70604 4096
8997 35788 2048
2992 36124 2048
7000 35876 2048
4999 35808 2048
2993 16024 1024
1002 60088 4096
8998 78180 4096
5000 35852 2048
2994 35128 2048
7001 70984 4096
1003 36148 2048
8999 36080 2048
5001 36000 2048
7002 32080 2048
2995 60100 4096
9000 35696 2048
1004 76452 4096
5002 36040 2048
7003 35964 2048
9001 26804 2048
5003 36152 2048
2996 73988 4096
1005 70708 4096
7004 51316 4096
9002 59736 4096
2997 35096 2048
7005 35104 2048
1006 35992 2048
5004 70720 4096
9003 35036 2048
1007 36004 2048
2998 60344 4096
7006 71136 4096
5005 71148 4096
9004 58724 4096
1008 35416 2048
2999 60304 4096
5006 35992 2048
9005 36084 2048
7007 60036 4096
1009 60196 4096
7008 36152 2048
3000 67424 4096
9006 60180 4096
5007 76044 4096
1010 56252 4096
7009 36048 2048
3001 36196 2048
9007 36060 2048
5008 60028 4096
1011 36064 2048
7010 35772 2048
3002 36188 2048
5009 32072 2048
1012 31820 2048
9008 71364 4096
3003 36072 2048
7011 36156 2048
3004 15956 1024
5010 60056 4096
1013 71312 4096
9009 77540 4096
3005 27108 2048
7012 71312 4096
5011 35412 2048
1014 32068 2048
9010 30388 2048
7013 36088 2048
3006 59944 4096
1015 36004 2048
5012 35392 2048
7014 32156 2048
1016 15772 1024
9011 56336 4096
3007 34484 2048
5013 35480 2048
7015 35368 2048
9012 32140 2048
1017 36128 2048
3008 36056 2048
5014 36088 2048
1018 36100 2048
9013 34320 2048
3009 36104 2048
7016 60460 4096
1019 36172 2048
5015 71272 4096
7017 34388 2048
9014 59564 4096
3010 76496 4096
5016 29460 2048
1020 31256 2048
9015 32144 2048
7018 60236 4096
3011 36128 2048
5017 36048 2048
1021 60020 4096
3012 34296 2048
9016 68892 4096
5018 35072 2048
7019 69524 4096
1022 58536 4096
3013 31864 2048
9017 35392 2048
5019 35020 2048
7020 35380 2048
9018 26920 2048
5020 34380 2048
3014 60132 4096
1023 76328 4096
5021 16004 1024
7021 60440 4096
9019 36156 2048
3015 35860 2048
5022 15720 1024
1024 35792 2048
7022 36020 2048
3016 36124 2048
9020 67444 4096
5023 55656 4096
1025 76368 4096
9021 35732 2048
7023 77728 4096
3017 71516 4096
1026 35988 2048
5024 76396 4096
9022 34372 2048
7024 36108 2048
3018 35656 2048
5025 35448 2048
1027 74608 4096
7025 60312 4096
9023 71452 4096
3019 70604 4096
7026 36124 2048
1028 35720 2048
5026 71404 4096
9024 36140 2048
3020 36084 2048
1029 36184 2048
5027 36168 2048
3021 15444 1024
7027 60344 4096
9025 60344 4096
7028 35480 2048
1030 60376 4096
3022 51280 4096
5028 59136 4096
9026 36072 2048
7029 15984 1024
1031 36116 2048
5029 35180 2048
3023 59416 4096
7030 36092 2048
9027 60180 4096
1032 35144 2048
3024 35764 2048
7031 36076 2048
5030 76400 4096
9028 36168 2048
1033 60412 4096
3025 34404 2048
7032 35556 2048
5031 35516 2048
9029 60376 4096
1034 26740 2048
3026 36072 2048
5032 36096 2048
7033 34384 2048
9030 36132 2048
1035 36104 2048
3027 35432 2048
7034 36148 2048
9031 27088 2048
1036 35852 2048
5033 76364 4096
7035 36124 2048
3028 59800 4096
9032 36092 2048
1037 36144 2048
7036 35972 2048
5034 71408 4096
1038 35892 2048
3029 70596 4096
9033 71488 4096
7037 35376 2048
5035 36044 2048
3030 35568 2048
1039 60300 4096
7038 32092 2048
5036 56352 4096
9034 77988 4096
3031 36056 2048
1040 35384 2048
7039 36112 2048
9035 36144 2048
5037 70956 4096
7040 35744 2048
3032 60384 4096
1041 76548 4096
5038 29956 2048
9036 60316 4096
3033 36076 2048
7041 60412 4096
1042 35004 2048
9037 35148 2048
3034 36084 2048
5039 71248 4096
1043 57852 4096
7042 59936 4096
5040 35616 2048
9038 71468 4096
3035 60072 4096
1044 35316 2048
7043 59640 4096
5041 36112 2048
9039 35984 2048
1045 36080 2048
3036 59608 4096
7044 35772 2048
5042 36036 2048
9040 36164 2048
3037 36068 2048
1046 56116 4096
5043 36172 2048
9041 36084 2048
3038 10452 1024
7045 60032 4096
1047 35924 2048
7046 32168 2048
9042 60000 4096
5044 74864 4096
1048 36020 2048
3039 75764 4096
7047 36112 2048
9043 35860 2048
1049 35832 2048
5045 60128 4096
3040 60392 4096
9044 35476 2048
7048 59944 4096
1050 71144 4096
9045 36028 2048
7049 36168 2048
5046 76516 4096
3041 60268 4096
9046 16004 1024
3042 16044 1024
1051 35836 2048
7050 35936 2048
5047 35312 2048
3043 36024 2048
1052 35832 2048
9047 60376 4096
7051 35908 2048
5048 60360 4096
3044 34392 2048
1053 60420 4096
9048 60320 4096
7052 60004 4096
1054 15708 1024
5049 71564 4096
3045 60372 4096
1055 35484 2048
9049 71356 4096
7053 74448 4096
3046 35960 2048
5050 59996 4096
1056 36096 2048
7054 36104 2048
9050 70732 4096
5051 36132 2048
3047 60192 4096
1057 60180 4096
9051 35972 2048
7055 71480 4096
5052 36132 2048
3048 36084 2048
1058 26664 2048
7056 36100 2048
5053 34380 2048
3049 35164 2048
9052 60420 4096
7057 35276 2048
5054 34284 2048
3050 35808 2048
1059 71052 4096
9053 36076 2048
9054 15960 1024
3051 36120 2048
7058 77660 4096
5055 71308 4096
1060 60300 4096
9055 36092 2048
3052 35816 2048
7059 32168 2048
5056 34056 2048
1061 35360 2048
9056 36112 2048
3053 36108 2048
7060 32188 2048
9057 36180 2048
5057 56256 4096
3054 36112 2048
1062 70640 4096
1063 16024 1024
7061 60208 4096
9058 36140 2048
5058 35876 2048
1064 15992 1024
3055 67512 4096
9059 35428 2048
7062 71004 4096
5059 60312 4096
3056 34352 2048
1065 60364 4096
9060 36044 2048
1066 36064 2048
7063 59360 4096
9061 35388 2048
5060 59540 4096
3057 59692 4096
5061 36076 2048
1067 59916 4096
7064 59852 4096
9062 76004 4096
3058 71192 4096
7065 35740 2048
5062 69628 4096
1068 60400 4096
3059 35264 2048
9063 60396 4096
7066 36124 2048
5063 34448 2048
1069 33580 2048
7067 14564 1024
9064 36172 2048
1070 24600 2048
3060 77444 4096
5064 35408 2048
9065 26732 2048
3061 36076 2048
7068 76276 4096
5065 36048 2048
1071 70932 4096
9066 60320 4096
5066 27124 2048
7069 36148 2048
3062 71256 4096
1072 60396 4096
5067 35948 2048
9067 58520 4096
3063 36116 2048
7070 71460 4096
1073 35400 2048
5068 59448 4096
9068 51300 4096
3064 35860 2048
7071 36028 2048
1074 60244 4096
3065 35472 2048
9069 59912 4096
5069 71424 4096
7072 76352 4096
3066 35888 2048
1075 67548 4096
9070 36084 2048
7073 32076 2048
5070 67388 4096
1076 35856 2048
3067 60316 4096
9071 59872 4096
7074 60080 4096
5071 59560 4096
3068 36012 2048
9072 36032 2048
1077 71128 4096
7075 36132 2048
5072 34376 2048
3069 35952 2048
7076 36132 2048
9073 60392 4096
5073 36036 2048
1078 67304 4096
3070 35876 2048
5074 32132 2048
7077 69648 4096
9074 58228 4096
3071 35480 2048
1079 78272 4096
7078 35332 2048
5075 60168 4096
3072 59680 4096
9075 60500 4096
1080 35976 2048
5076 36108 2048
7079 58540 4096
9076 35816 2048
1081 34936 2048
3073 71372 4096
5077 36124 2048
9077 35876 2048
1082 36116 2048
7080 51220 4096
3074 36128 2048
5078 36172 2048
9078 36028 2048
7081 35440 2048
1083 60164 4096
3075 36120 2048
5079 36056 2048
9079 34340 2048
1084 36060 2048
7082 60112 4096
3076 35684 2048
5080 60260 4096
9080 59604 4096
1085 32124 2048
7083 71512 4096
3077 76264 4096
9081 27108 2048
5081 71564 4096
1086 60276 4096
3078 35228 2048
9082 36140 2048
7084 60344 4096
1087 36040 2048
5082 59180 4096
3079 36160 2048
9083 60356 4096
7085 56396 4096
5083 36092 2048
1088 51188 4096
3080 59472 4096
9084 36112 2048
7086 35440 2048
5084 26964 2048
1089 36092 2048
9085 32104 2048
3081 36168 2048
7087 35720 2048
5085 60308 4096
1090 60344 4096
9086 36104 2048
7088 35692 2048
3082 60176 4096
5086 59440 4096
1091 71368 4096
7089 60312 4096
9087 79436 4096
3083 67388 4096
5087 36156 2048
1092 35984 2048
7090 58500 4096
9088 76532 4096
5088 56424 4096
1093 35076 2048
3084 71372 4096
7091 36164 2048
5089 36080 2048
9089 60332 4096
3085 35484 2048
7092 36112 2048
1094 60268 4096
5090 35068 2048
9090 35804 2048
3086 35964 2048
7093 30540 2048
1095 60068 4096
9091 35788 2048
3087 36080 2048
5091 56404 4096
7094 60164 4096
9092 36044 2048
1096 60152 4096
5092 35748 2048
3088 51264 4096
9093 35768 2048
7095 70516 4096
1097 35848 2048
3089 32036 2048
5093 60112 4096
9094 32060 2048
1098 36148 2048
3090 35900 2048
7096 60328 4096
9095 29720 2048
1099 36140 2048
5094 70784 4096
3091 35456 2048
7097 36080 2048
1100 16072 1024
9096 59504 4096
5095 36016 2048
3092 60284 4096
1101 35884 2048
7098 58268 4096
9097 36100 2048
5096 36168 2048
7099 36156 2048
1102 60428 4096
3093 77728 4096
5097 58012 4096
9098 74232 4096
7100 59688 4096
3094 36232 2048
5098 35508 2048
9099 35856 2048
1103 79224 4096
7101 35388 2048
1104 35500 2048
3095 71472 4096
5099 60288 4096
7102 32112 2048
9100 71312 4096
1105 36132 2048
5100 35796 2048
7103 35356 2048
3096 56496 4096
9101 76080 4096
7104 35376 2048
1106 76436 4096
5101 60128 4096
3097 51144 4096
9102 36104 2048
7105 35980 2048
5102 36124 2048
1107 34388 2048
3098 34360 2048
1108 25372 2048
9103 69604 4096
3099 35828 2048
7106 60296 4096
5103 76156 4096
1109 35768 2048
9104 36116 2048
3100 36200 2048
7107 57772 4096
5104 34320 2048
1110 36104 2048
9105 36124 2048
3101 32120 2048
7108 36104 2048
5105 34416 2048
1111 60036 4096
9106 60324 4096
5106 27096 2048
7109 35804 2048
3102 76176 4096
3103 16004 1024
1112 34372 2048
7110 35964 2048
9107 79532 4096
5107 77620 4096
3104 60340 4096
1113 59608 4096
7111 56324 4096
9108 34104 2048
5108 32156 2048
7112 34980 2048
5109 36064 2048
1114 60064 4096
3105 70152 4096
9109 71496 4096
7113 32068 2048
5110 35416 2048
1115 35876 2048
3106 34340 2048
9110 60384 4096
5111 36096 2048
7114 58572 4096
1116 71204 4096
3107 71296 4096
5112 36084 2048
7115 35944 2048
9111 75332 4096
1117 32084 2048
3108 36060 2048
7116 35816 2048
5113 60328 4096
9112 35596 2048
1118 60272 4096
3109 75744 4096
7117 60388 4096
5114 32172 2048
9113 60240 4096
1119 36032 2048
5115 36192 2048
3110 75560 4096
9114 35620 2048
7118 70464 4096
1120 60392 4096
5116 35048 2048
3111 35540 2048
7119 34416 2048
9115 60208 4096
1121 35396 2048
5117 58576 4096
3112 35344 2048
7120 60344 4096
9116 75768 4096
1122 70764 4096
3113 60364 4096
5118 71432 4096
9117 35472 2048
7121 67516 4096
1123 35440 2048
3114 36116 2048
5119 60384 4096
1124 34940 2048
9118 36196 2048
7122 60468 4096
5120 35800 2048
3115 70964 4096
9119 36136 2048
1125 56308 4096
5121 36084 2048
7123 73852 4096
3116 60264 4096
1126 34380 2048
9120 60336 4096
5122 35296 2048
7124 36140 2048
1127 32316 2048
9121 35984 2048
3117 71360 4096
5123 36112 2048
1128 36112 2048
7125 60088 4096
9122 60312 4096
5124 36012 2048
1129 31360 2048
3118 60352 4096
5125 35816 2048
7126 79348 4096
9123 59332 4096
3119 35972 2048
1130 60336 4096
5126 34332 2048
7127 34400 2048
9124 34036 2048
3120 36052 2048
7128 36048 2048
1131 76436 4096
9125 35912 2048
5127 60112 4096
3121 71408 4096
9126 34452 2048
7129 70924 4096
1132 71440 4096
5128 71180 4096
3122 60332 4096
9127 36116 2048
5129 32012 2048
7130 60132 4096
1133 59632 4096
3123 35808 2048
5130 35040 2048
9128 77536 4096
1134 35436 2048
3124 36132 2048
7131 60464 4096
5131 57792 4096
3125 36200 2048
7132 36048 2048
9129 70872 4096
1135 71388 4096
5132 35972 2048
7133 36008 2048
1136 34324 2048
3126 60352 4096
9130 60084 4096
5133 35792 2048
9131 16012 1024
1137 35336 2048
7134 71448 4096
5134 36096 2048
3127 76412 4096
9132 36140 2048
1138 36224 2048
7135 60416 4096
9133 36112 2048
5135 59596 4096
3128 60372 4096
1139 69648 4096
7136 35360 2048
9134 35360 2048
5136 36172 2048
3129 59728 4096
1140 36076 2048
7137 35956 2048
9135 35996 2048
5137 34988 2048
3130 32100 2048
1141 35336 2048
9136 36132 2048
5138 35884 2048
7138 59492 4096
3131 36192 2048
5139 27060 2048
1142 60240 4096
9137 60272 4096
7139 59952 4096
3132 56176 4096
5140 35972 2048
1143 35768 2048
7140 27060 2048
1144 15968 1024
9138 69652 4096
3133 35848 2048
5141 36120 2048
7141 35292 2048
3134 36136 2048
5142 36192 2048
1145 67356 4096
9139 71300 4096
3135 35400 2048
5143 36084 2048
7142 78412 4096
1146 36084 2048
9140 36228 2048
7143 35388 2048
3136 60356 4096
1147 35756 2048
5144 60428 4096
9141 71080 4096
7144 35976 2048
3137 36120 2048
5145 36172 2048
1148 67364 4096
3138 16048 1024
9142 35340 2048
5146 27084 2048
1149 15892 1024
7145 77912 4096
3139 36088 2048
9143 34320 2048
5147 32108 2048
1150 35684 2048
3140 34124 2048
1151 15928 1024
5148 35244 2048
7146 71064 4096
9144 58572 4096
3141 35744 2048
1152 36116 2048
7147 36124 2048
9145 36176 2048
5149 70624 4096
3142 60252 4096
9146 32124 2048
1153 71280 4096
7148 70696 4096
5150 36136 2048
3143 36148 2048
5151 35296 2048
7149 35900 2048
9147 58196 4096
1154 76124 4096
3144 36140 2048
7150 35428 2048
1155 16040 1024
5152 35436 2048
9148 36188 2048
3145 26328 2048
1156 16044 1024
7151 36200 2048
5153 59956 4096
9149 60268 4096
3146 59804 4096
7152 27032 2048
1157 58608 4096
5154 35684 2048
9150 35912 2048
7153 36100 2048
3147 36052 2048
1158 36084 2048
9151 35852 2048
7154 36052 2048
3148 36100 2048
5155 73996 4096
9152 27096 2048
5156 15144 1024
1159 71472 4096
3149 74416 4096
7155 77920 4096
1160 35744 2048
5157 36120 2048
9153 60168 4096
7156 27112 2048
3150 32020 2048
1161 35400 2048
5158 36120 2048
3151 15984 1024
7157 35060 2048
1162 35432 2048
9154 71000 4096
5159 36080 2048
3152 70440 4096
9155 35316 2048
7158 60348 4096
1163 70404 4096
5160 60288 4096
3153 26380 2048
9156 60340 4096
7159 78084 4096
3154 34468 2048
5161 60296 4096
1164 71292 4096
9157 36080 2048
3155 27116 2048
7160 36128 2048
1165 27148 2048
5162 60164 4096
3156 35856 2048
7161 35872 2048
9158 60400 4096
1166 35860 2048
5163 36088 2048
9159 35828 2048
1167 35460 2048
3157 58540 4096
7162 59248 4096
5164 27124 2048
9160 36108 2048
1168 36004 2048
3158 36140 2048
7163 36056 2048
5165 56296 4096
1169 32032 2048
3159 35720 2048
7164 36096 2048
9161 70472 4096
5166 35356 2048
1170 36056 2048
3160 36164 2048
7165 35752 2048
5167 36180 2048
9162 71396 4096
1171 34360 2048
3161 36088 2048
7166 36140 2048
5168 71376 4096
3162 36096 2048
7167 36172 2048
9163 60244 4096
1172 70652 4096
5169 36172 2048
7168 36160 2048
9164 35796 2048
3163 60192 4096
1173 60360 4096
7169 36156 2048
5170 59984 4096
9165 71016 4096
3164 60424 4096
1174 60008 4096
5171 36116 2048
7170 58588 4096
3165 35508 2048
1175 35312 2048
9166 60380 4096
7171 32008 2048
5172 60228 4096
3166 36128 2048
1176 36056 2048
9167 67160 4096
5173 35488 2048
7172 60316 4096
1177 35080 2048
3167 58520 4096
9168 35764 2048
7173 36072 2048
5174 60164 4096
3168 36136 2048
7174 27076 2048
9169 36128 2048
1178 76464 4096
3169 60304 4096
5175 71384 4096
7175 36160 2048
9170 56340 4096
1179 60328 4096
3170 36216 2048
5176 60232 4096
1180 32156 2048
7176 59872 4096
9171 35776 2048
3171 36128 2048
7177 29568 2048
9172 56096 4096
5177 69608 4096
1181 71048 4096
3172 33988 2048
7178 34428 2048
9173 36172 2048
1182 36152 2048
3173 36056 2048
7179 36156 2048
5178 76452 4096
1183 36096 2048
9174 76080 4096
7180 35908 2048
5179 36076 2048
3174 74616 4096
7181 36172 2048
1184 59972 4096
5180 36040 2048
9175 71096 4096
3175 60080 4096
7182 36036 2048
1185 35528 2048
5181 36224 2048
3176 36112 2048
9176 59868 4096
7183 34372 2048
1186 36100 2048
5182 60400 4096
9177 31764 2048
1187 34964 2048
3177 78076 4096
7184 56364 4096
5183 60436 4096
1188 35312 2048
7185 35784 2048
9178 76452 4096
3178 60268 4096
9179 35368 2048
5184 59684 4096
1189 59308 4096
3179 35412 2048
7186 79292 4096
9180 32276 2048
5185 35292 2048
1190 73928 4096
3180 71404 4096
7187 60204 4096
9181 35392 2048
5186 78036 4096
7188 26868 2048
3181 35956 2048
1191 59700 4096
9182 60176 4096
5187 36020 2048
3182 36176 2048
1192 35772 2048
9183 35380 2048
7189 74048 4096
5188 35376 2048
3183 49584 4096
1193 60028 4096
3184 16024 1024
7190 54760 4096
9184 77540 4096
5189 59156 4096
1194 36120 2048
3185 36080 2048
7191 35736 2048
9185 56292 4096
5190 75988 4096
3186 36036 2048
1195 56424 4096
7192 59624 4096
9186 35816 2048
3187 36156 2048
1196 35636 2048
5191 60240 4096
7193 70772 4096
1197 36140 2048
9187 73796 4096
3188 59516 4096
5192 56192 4096
7194 34332 2048
1198 36104 2048
9188 60348 4096
3189 35768 2048
5193 60256 4096
1199 36188 2048
7195 60044 4096
3190 36148 2048
9189 60244 4096
3191 16036 1024
7196 36136 2048
5194 70248 4096
1200 60352 4096
9190 34136 2048
3192 36116 2048
7197 34148 2048
9191 31204 2048
5195 59364 4096
1201 59632 4096
3193 36064 2048
7198 60256 4096
5196 36096 2048
3194 36092 2048
9192 74516 4096
1202 71392 4096
7199 25400 2048
3195 36052 2048
5197 60100 4096
9193 36188 2048
1203 76188 4096
7200 78720 4096
5198 36064 2048
3196 60376 4096
1204 36160 2048
9194 76408 4096
7201 35996 2048
5199 36052 2048
9195 32160 2048
1205 35872 2048
3197 69628 4096
7202 35304 2048
5200 60360 4096
1206 32172 2048
9196 35380 2048
7203 35992 2048
3198 60256 4096
1207 35424 2048
5201 60344 4096
7204 36012 2048
9197 56012 4096
1208 27112 2048
3199 59568 4096
7205 15980 1024
9198 36056 2048
5202 79620 4096
7206 35388 2048
3200 55076 4096
1209 71416 4096
9199 60460 4096
5203 36084 2048
7207 59904 4096
3201 58740 4096
1210 60004 4096
5204 35336 2048
9200 35848 2048
7208 36140 2048
1211 35800 2048
9201 36152 2048
3202 71188 4096
5205 60388 4096
7209 35764 2048
9202 35424 2048
5206 36152 2048
1212 76436 4096
7210 36080 2048
3203 58668 4096
9203 69052 4096
1213 35812 2048
7211 35364 2048
3204 35984 2048
5207 60072 4096
7212 25396 2048
9204 36084 2048
1214 35556 2048
3205 36136 2048
5208 74432 4096
1215 35972 2048
3206 36012 2048
7213 66980 4096
9205 73952 4096
1216 34924 2048
5209 60420 4096
7214 36064 2048
3207 77940 4096
9206 71428 4096
7215 35412 2048
1217 59900 4096
5210 60360 4096
3208 35324 2048
1218 36068 2048
5211 35728 2048
9207 77600 4096
7216 59556 4096
3209 35856 2048
1219 35488 2048
5212 36124 2048
7217 35408 2048
3210 35480 2048
9208 68856 4096
1220 60360 4096
3211 35032 2048
5213 60060 4096
7218 60392 4096
9209 36168 2048
1221 33372 2048
3212 35928 2048
5214 70704 4096
9210 60352 4096
7219 70724 4096
1222 56288 4096
3213 59848 4096
7220 36068 2048
5215 59340 4096
9211 60400 4096
1223 36212 2048
3214 35844 2048
5216 36120 2048
7221 60208 4096
1224 36144 2048
9212 77672 4096
3215 60076 4096
5217 34324 2048
1225 57524 4096
7222 70848 4096
3216 60292 4096
9213 70700 4096
5218 59628 4096
7223 36124 2048
9214 26812 2048
3217 36100 2048
1226 79772 4096
5219 56392 4096
7224 36184 2048
9215 36108 2048
3218 36104 2048
5220 16020 1024
1227 60316 4096
7225 51044 4096
3219 36068 2048
9216 60232 4096
7226 35764 2048
5221 78344 4096
1228 71436 4096
3220 35076 2048
9217 59460 4096
5222 35776 2048
3221 35040 2048
7227 76232 4096
1229 59288 4096
9218 35948 2048
5223 59520 4096
1230 26988 2048
3222 60324 4096
9219 36120 2048
7228 59588 4096
3223 35656 2048
5224 60400 4096
1231 60292 4096
7229 36156 2048
9220 35936 2048
5225 36200 2048
7230 35936 2048
1232 36008 2048
9221 36104 2048
3224 77992 4096
1233 27108 2048
9222 35708 2048
3225 36156 2048
5226 69508 4096
7231 76536 4096
1234 56340 4096
3226 32112 2048
9223 59932 4096
5227 35772 2048
7232 36140 2048
7233 26780 2048
3227 60128 4096
1235 76360 4096
5228 60276 4096
9224 67404 4096
7234 35808 2048
3228 35776 2048
1236 34336 2048
5229 35848 2048
7235 35364 2048
9225 67360 4096
3229 59268 4096
1237 59500 4096
5230 74700 4096
9226 60284 4096
7236 71004 4096
5231 36076 2048
1238 59940 4096
3230 71332 4096
7237 36048 2048
9227 78740 4096
5232 36044 2048
7238 35396 2048
3231 60380 4096
1239 76312 4096
5233 36132 2048
9228 70696 4096
7239 36036 2048
3232 36148 2048
1240 60020 4096
5234 35380 2048
9229 35064 2048
7240 35812 2048
3233 60012 4096
5235 35904 2048
1241 60288 4096
3234 36148 2048
9230 71372 4096
7241 76388 4096
5236 60308 4096
1242 59316 4096
9231 36040 2048
7242 35440 2048
3235 60356 4096
5237 35868 2048
9232 35996 2048
1243 71344 4096
5238 36108 2048
7243 70992 4096
3236 60280 4096
9233 35376 2048
1244 35960 2048
5239 27120 2048
5240 2964 256
7244 35932 2048
3237 35776 2048
1245 36024 2048
9234 78016 4096
3238 36188 2048
5241 60196 4096
7245 75652 4096
9235 36088 2048
1246 60276 4096
3239 36104 2048
7246 15968 1024
5242 78140 4096
1247 32144 2048
3240 35316 2048
7247 35764 2048
9236 71416 4096
3241 35724 2048
7248 35144 2048
9237 22356 2048
5243 71144 4096
1248 74376 4096
7249 36120 2048
5244 36164 2048
3242 59848 4096
9238 76368 4096
1249 60316 4096
7250 36092 2048
5245 35460 2048
7251 27060 2048
9239 60340 4096
3243 75460 4096
1250 59948 4096
5246 35300 2048
3244 32116 2048
1251 36084 2048
7252 60256 4096
5247 35436 2048
9240 65668 4096
7253 35948 2048
9241 36244 2048
3245 77612 4096
1252 60276 4096
5248 71080 4096
3246 35876 2048
7254 60248 4096
1253 36156 2048
5249 36108 2048
9242 60264 4096
1254 36152 2048
5250 30444 2048
9243 36136 2048
3247 59960 4096
7255 71128 4096
1255 36128 2048
5251 34336 2048
9244 35476 2048
3248 35388 2048
7256 36100 2048
1256 35776 2048
5252 35756 2048
3249 59892 4096
7257 49584 4096
9245 75324 4096
1257 58584 4096
9246 15424 1024
5253 70280 4096
3250 76408 4096
7258 74624 4096
9247 36108 2048
1258 36188 2048
5254 36180 2048
3251 36028 2048
1259 36136 2048
5255 36140 2048
7259 60324 4096
9248 77912 4096
3252 36200 2048
1260 60268 4096
9249 32064 2048
7260 70924 4096
5256 70708 4096
3253 35944 2048
1261 36080 2048
7261 36108 2048
9250 58576 4096
3254 36136 2048
1262 36060 2048
5257 78704 4096
3255 34968 2048
7262 58500 4096
9251 76004 4096
1263 35728 2048
5258 71136 4096
3256 60368 4096
7263 79776 4096
1264 60292 4096
9252 76436 4096
5259 35836 2048
7264 15404 1024
3257 60300 4096
1265 74544 4096
7265 36084 2048
5260 60328 4096
9253 60276 4096
3258 34280 2048
9254 35764 2048
1266 34472 2048
3259 36116 2048
7266 58584 4096
5261 71288 4096
3260 27096 2048
1267 59656 4096
9255 60400 4096
7267 36100 2048
5262 35128 2048
1268 23136 2048
7268 36068 2048
5263 35896 2048
3261 60244 4096
9256 77608 4096
7269 35808 2048
3262 36088 2048
1269 76372 4096
5264 60376 4096
9257 36144 2048
7270 75964 4096
3263 60024 4096
1270 71356 4096
5265 71380 4096
9258 79404 4096
7271 32160 2048
3264 34196 2048
9259 35988 2048
1271 70700 4096
5266 58244 4096
3265 35740 2048
7272 76344 4096
9260 34372 2048
1272 36104 2048
3266 36060 2048
5267 60224 4096
7273 35268 2048
9261 34328 2048
3267 34108 2048
1273 59712 4096
9262 36088 2048
5268 60288 4096
3268 34160 2048
7274 76316 4096
1274 36112 2048
5269 36096 2048
9263 51024 4096
1275 35116 2048
3269 59784 4096
7275 70468 4096
5270 32072 2048
1276 35320 2048
3270 27092 2048
9264 77756 4096
5271 35944 2048
7276 71448 4096
9265 35840 2048
1277 59420 4096
5272 35804 2048
3271 73832 4096
7277 35836 2048
1278 35960 2048
3272 34348 2048
9266 67328 4096
7278 36092 2048
5273 71344 4096
1279 71116 4096
7279 35476 2048
5274 36200 2048
3273 77984 4096
9267 73956 4096
7280 35704 2048
1280 60232 4096
5275 60296 4096
9268 59560 4096
3274 77972 4096
7281 34420 2048
1281 34280 2048
3275 36140 2048
5276 60400 4096
7282 36008 2048
9269 71328 4096
1282 76208 4096
3276 71140 4096
7283 56060 4096
5277 76468 4096
9270 60252 4096
1283 60352 4096
7284 36060 2048
3277 36168 2048
5278 34432 2048
9271 36048 2048
7285 36120 2048
3278 60256 4096
1284 59900 4096
5279 60368 4096
9272 59952 4096
7286 35288 2048
1285 35176 2048
3279 35984 2048
5280 48896 4096
7287 16008 1024
9273 74604 4096
1286 36020 2048
3280 36136 2048
5281 34436 2048
7288 35916 2048
9274 35708 2048
3281 36040 2048
5282 35816 2048
1287 60408 4096
7289 70564 4096
9275 60272 4096
5283 35840 2048
3282 60248 4096
1288 60196 4096
7290 71212 4096
9276 58552 4096
1289 35360 2048
5284 60300 4096
3283 60104 4096
9277 36064 2048
5285 34460 2048
7291 60412 4096
1290 77612 4096
3284 71408 4096
5286 36112 2048
7292 35384 2048
9278 60296 4096
1291 35400 2048
3285 36164 2048
7293 34428 2048
9279 35444 2048
5287 59540 4096
3286 33716 2048
1292 60032 4096
7294 34344 2048
9280 36164 2048
5288 59200 4096
1293 35048 2048
3287 59488 4096
7295 36172 2048
9281 36172 2048
1294 35856 2048
5289 59536 4096
7296 59268 4096
3288 76068 4096
9282 76284 4096
1295 36012 2048
7297 58532 4096
5290 75644 4096
1296 34368 2048
9283 58508 4096
3289 71408 4096
7298 36064 2048
5291 36100 2048
1297 35788 2048
3290 34084 2048
9284 60336 4096
7299 34976 2048
5292 36112 2048
1298 36156 2048
3291 51284 4096
9285 36124 2048
7300 36136 2048
5293 35688 2048
1299 36152 2048
9286 34388 2048
1300 36008 2048
3292 71424 4096
5294 67392 4096
7301 75768 4096
1301 35416 2048
9287 77972 4096
3293 79324 4096
7302 60152 4096
5295 74488 4096
1302 35852 2048
3294 33964 2048
9288 59628 4096
1303 34396 2048
7303 75612 4096
5296 59560 4096
3295 35864 2048
1304 36204 2048
9289 60328 4096
5297 36020 2048
3296 33532 2048
7304 60332 4096
1305 35868 2048
7305 27152 2048
9290 73908 4096
5298 60284 4096
1306 35668 2048
3297 60348 4096
9291 35380 2048
3298 34428 2048
7306 60376 4096
5299 71292 4096
1307 71188 4096
9292 35332 2048
3299 59948 4096
7307 59968 4096
9293 35864 2048
5300 60228 4096
1308 71184 4096
9294 36212 2048
5301 36028 2048
3300 60008 4096
7308 60160 4096
1309 60448 4096
9295 36068 2048
5302 36176 2048
3301 56320 4096
7309 60284 4096
1310 36192 2048
5303 35848 2048
7310 32180 2048
9296 70720 4096
1311 36104 2048
3302 70708 4096
1312 16004 1024
5304 60296 4096
9297 35980 2048
7311 59580 4096
7312 296 32
3303 35792 2048
1313 35248 2048
5305 60332 4096
7313 35772 2048
9298 60288 4096
3304 36016 2048
1314 36080 2048
7314 35360 2048
5306 36144 2048
3305 35824 2048
9299 36192 2048
1315 35668 2048
5307 36084 2048
7315 59980 4096
9300 59164 4096
3306 59588 4096
1316 59828 4096
5308 35832 2048
7316 36232 2048
3307 33560 2048
9301 60308 4096
5309 35044 2048
7317 36116 2048
1317 70648 4096
3308 55936 4096
5310 36100 2048
9302 60236 4096
7318 35756 2048
3309 15992 1024
1318 79344 4096
7319 36032 2048
5311 60256 4096
3310 60216 4096
9303 71336 4096
1319 36096 2048
7320 60352 4096
9304 36144 2048
5312 60344 4096
1320 35888 2048
3311 60236 4096
7321 32148 2048
5313 36116 2048
9305 59920 4096
3312 36136 2048
1321 71416 4096
7322 34448 2048
5314 69384 4096
9306 60124 4096
3313 60300 4096
1322 34408 2048
7323 36116 2048
3314 36076 2048
7324 32044 2048
5315 60248 4096
9307 60076 4096
1323 70604 4096
7325 15892 1024
3315 34404 2048
5316 35284 2048
1324 35332 2048
9308 60400 4096
7326 60024 4096
3316 35392 2048
1325 36116 2048
5317 59924 4096
9309 36140 2048
1326 36144 2048
3317 76348 4096
7327 78104 4096
5318 32136 2048
9310 36008 2048
3318 26776 2048
1327 35236 2048
9311 35356 2048
3319 14348 1024
7328 60300 4096
5319 60340 4096
1328 36132 2048
9312 35152 2048
7329 32168 2048
1329 35952 2048
3320 71404 4096
5320 70652 4096
9313 35796 2048
7330 35412 2048
1330 36064 2048
3321 33408 2048
5321 35660 2048
9314 35772 2048
7331 60360 4096
1331 36048 2048
9315 36064 2048
3322 60112 4096
5322 60012 4096
1332 35968 2048
3323 35776 2048
5323 27080 2048
7332 76460 4096
9316 70320 4096
1333 35404 2048
3324 36148 2048
5324 58568 4096
9317 35688 2048
7333 60340 4096
1334 36008 2048
3325 35380 2048
9318 36132 2048
1335 36028 2048
7334 34372 2048
5325 60460 4096
3326 59460 4096
9319 36124 2048
1336 36160 2048
7335 71372 4096
5326 60296 4096
3327 34396 2048
9320 35840 2048
1337 36064 2048
3328 36116 2048
7336 51324 4096
9321 35564 2048
1338 32108 2048
5327 74960 4096
7337 16016 1024
3329 34572 2048
1339 34988 2048
5328 36112 2048
7338 35384 2048
9322 71044 4096
3330 36164 2048
1340 36052 2048
7339 34392 2048
5329 73888 4096
9323 60352 4096
1341 35452 2048
3331 59580 4096
7340 35404 2048
5330 34392 2048
1342 34976 2048
3332 36112 2048
9324 76052 4096
7341 60032 4096
1343 33484 2048
3333 34456 2048
5331 58272 4096
7342 35904 2048
9325 60396 4096
1344 36084 2048
3334 35296 2048
5332 36064 2048
7343 32092 2048
1345 36148 2048
9326 36224 2048
3335 60012 4096
5333 56248 4096
7344 35112 2048
1346 34868 2048
9327 36044 2048
7345 15916 1024
5334 32064 2048
3336 35980 2048
1347 35692 2048
9328 32116 2048
7346 35752 2048
3337 35624 2048
9329 36036 2048
5335 75524 4096
7347 35812 2048
1348 76424 4096
9330 35828 2048
3338 71480 4096
5336 36104 2048
7348 35648 2048
1349 60288 4096
5337 27152 2048
9331 51372 4096
3339 60384 4096
1350 15840 1024
7349 59976 4096
5338 36164 2048
3340 35772 2048
7350 35432 2048
9332 79408 4096
1351 60184 4096
5339 73944 4096
3341 36140 2048
7351 35992 2048
9333 34980 2048
1352 32092 2048
5340 34256 2048
3342 35708 2048
7352 27092 2048
9334 36072 2048
1353 35904 2048
7353 15712 1024
3343 35196 2048
5341 60020 4096
1354 36088 2048
9335 60268 4096
7354 35828 2048
1355 34136 2048
3344 69696 4096
7355 36128 2048
5342 59660 4096
9336 60284 4096
1356 27116 2048
3345 36164 2048
7356 36156 2048
9337 35752 2048
5343 56448 4096
3346 35924 2048
1357 60316 4096
7357 35484 2048
9338 35764 2048
5344 36132 2048
7358 15980 1024
1358 36112 2048
3347 35396 2048
9339 35612 2048
5345 60276 4096
1359 35452 2048
3348 35332 2048
7359 60344 4096
9340 60388 4096
1360 36136 2048
3349 36148 2048
7360 35328 2048
5346 60020 4096
1361 36108 2048
7361 36088 2048
9341 56408 4096
3350 73720 4096
5347 60308 4096
1362 36180 2048
9342 36068 2048
7362 60316 4096
5348 35440 2048
3351 59644 4096
9343 36148 2048
1363 67100 4096
7363 35796 2048
9344 15708 1024
5349 60216 4096
7364 16052 1024
1364 35816 2048
3352 75844 4096
5350 35380 2048
7365 36116 2048
9345 59356 4096
3353 60368 4096
5351 32108 2048
1365 71436 4096
9346 70272 4096
7366 77952 4096
1366 58224 4096
5352 77612 4096
3354 78540 4096
9347 36128 2048
7367 60356 4096
3355 32116 2048
5353 35432 2048
9348 35400 2048
1367 59948 4096
3356 35388 2048
5354 35456 2048
7368 68736 4096
9349 36088 2048
1368 59536 4096
3357 35932 2048
7369 36056 2048
9350 36100 2048
5355 60172 4096
1369 35772 2048
3358 36112 2048
7370 58448 4096
9351 59612 4096
5356 76452 4096
1370 60284 4096
3359 59964 4096
7371 73520 4096
5357 36180 2048
1371 35796 2048
9352 70708 4096
3360 60088 4096
7372 36180 2048
5358 36116 2048
9353 35408 2048
1372 60380 4096
3361 34392 2048
7373 34128 2048
5359 35292 2048
9354 32120 2048
1373 35704 2048
7374 36124 2048
3362 60320 4096
9355 35428 2048
5360 74700 4096
1374 60320 4096
7375 36172 2048
3363 35824 2048
9356 60204 4096
5361 32132 2048
3364 36124 2048
7376 60256 4096
1375 75908 4096
9357 36136 2048
3365 36156 2048
5362 71296 4096
9358 36092 2048
7377 60196 4096
1376 71412 4096
5363 60236 4096
3366 60288 4096
7378 35932 2048
9359 58476 4096
1377 51088 4096
5364 36084 2048
3367 56220 4096
9360 36040 2048
7379 56284 4096
5365 35796 2048
1378 59808 4096
3368 34388 2048
7380 36100 2048
5366 32028 2048
1379 35848 2048
9361 70712 4096
3369 36132 2048
7381 36076 2048
5367 60040 4096
1380 71476 4096
9362 76404 4096
3370 58392 4096
7382 58552 4096
5368 36164 2048
1381 34336 2048
9363 35420 2048
3371 36128 2048
7383 27052 2048
5369 27056 2048
1382 25364 2048
9364 35552 2048
3372 35464 2048
7384 36132 2048
5370 35304 2048
1383 35952 2048
9365 35896 2048
3373 35720 2048
7385 51156 4096
3374 32080 2048
5371 78268 4096
1384 67408 4096
9366 57836 4096
7386 35624 2048
3375 60040 4096
1385 59600 4096
5372 71316 4096
9367 59468 4096
7387 60252 4096
3376 35772 2048
9368 36108 2048
1386 73952 4096
5373 78448 4096
7388 70472 4096
3377 59124 4096
9369 36072 2048
1387 35716 2048
5374 35832 2048
7389 35700 2048
3378 35416 2048
9370 54164 4096
1388 74784 4096
5375 68924 4096
7390 70636 4096
9371 35776 2048
3379 59592 4096
1389 36124 2048
7391 35912 2048
9372 36100 2048
3380 36088 2048
5376 71032 4096
1390 34416 2048
7392 36056 2048
3381 36180 2048
9373 60348 4096
1391 36124 2048
5377 59676 4096
7393 35328 2048
3382 58492 4096
9374 53860 4096
5378 36168 2048
7394 36132 2048
1392 60344 4096
3383 35432 2048
9375 36068 2048
5379 34448 2048
7395 36100 2048
3384 36036 2048
1393 59912 4096
9376 60056 4096
5380 71536 4096
7396 60100 4096
3385 33528 2048
1394 73788 4096
9377 71024 4096
3386 47376 4096
7397 70756 4096
5381 77892 4096
1395 35984 2048
7398 36144 2048
9378 60400 4096
3387 60272 4096
1396 35200 2048
5382 60268 4096
9379 60240 4096
3388 60064 4096
7399 71444 4096
1397 71164 4096
5383 60368 4096
9380 35780 2048
3389 58244 4096
7400 59612 4096
1398 60388 4096
9381 36072 2048
5384 74636 4096
3390 36208 2048
7401 60276 4096
9382 36152 2048
1399 60396 4096
3391 35968 2048
5385 71408 4096
7402 36068 2048
9383 35420 2048
1400 35884 2048
5386 26844 2048
3392 60052 4096
9384 35752 2048
5387 15972 1024
1401 36072 2048
7403 60404 4096
3393 35784 2048
9385 35256 2048
5388 35276 2048
1402 34344 2048
9386 35520 2048
3394 34344 2048
5389 35908 2048
7404 77560 4096
1403 59420 4096
9387 60364 4096
1404 36164 2048
7405 59464 4096
3395 70792 4096
5390 78088 4096
7406 16032 1024
1405 35876 2048
3396 36152 2048
9388 69376 4096
7407 36076 2048
3397 14296 1024
5391 71104 4096
1406 36104 2048
7408 36008 2048
5392 35716 2048
9389 60352 4096
3398 71148 4096
1407 59448 4096
7409 35980 2048
3399 32128 2048
5393 60024 4096
9390 74360 4096
1408 70612 4096
7410 60248 4096
5394 36072 2048
3400 60340 4096
9391 51140 4096
5395 31968 2048
7411 58596 4096
1409 73780 4096
9392 36048 2048
3401 71056 4096
5396 36144 2048
7412 36124 2048
1410 36112 2048
9393 35688 2048
3402 36060 2048
5397 35744 2048
7413 59404 4096
3403 36184 2048
5398 35868 2048
9394 60356 4096
1411 75400 4096
1412 36028 2048
9395 36104 2048
7414 76288 4096
5399 60292 4096
3404 76356 4096
1413 35956 2048
7415 35848 2048
5400 51396 4096
9396 79212 4096
3405 60372 4096
5401 15988 1024
1414 77744 4096
9397 35508 2048
7416 60404 4096
5402 35848 2048
3406 70980 4096
9398 35952 2048
1415 71392 4096
7417 76600 4096
3407 35252 2048
9399 35856 2048
5403 68900 4096
1416 27072 2048
7418 35992 2048
1417 13820 1024
5404 36108 2048
3408 60024 4096
9400 71072 4096
7419 36132 2048
1418 60068 4096
3409 36076 2048
5405 59820 4096
7420 36084 2048
9401 71336 4096
1419 36028 2048
7421 35468 2048
3410 74004 4096
5406 74572 4096
1420 35364 2048
3411 16020 1024
7422 35828 2048
9402 71216 4096
3412 35272 2048
5407 60432 4096
7423 34516 2048
1421 71332 4096
9403 60184 4096
5408 36000 2048
7424 27180 2048
3413 71400 4096
9404 31644 2048
1422 77524 4096
5409 35404 2048
7425 36020 2048
3414 35492 2048
1423 35496 2048
7426 36068 2048
9405 60344 4096
5410 71464 4096
3415 60240 4096
1424 35784 2048
7427 36144 2048
9406 36136 2048
3416 36096 2048
5411 60176 4096
9407 32104 2048
1425 58640 4096
7428 60300 4096
5412 36100 2048
9408 35832 2048
3417 59500 4096
1426 60188 4096
7429 60292 4096
9409 36108 2048
5413 60076 4096
1427 35772 2048
3418 59676 4096
9410 35984 2048
7430 67352 4096
5414 36108 2048
3419 35904 2048
1428 71100 4096
7431 35372 2048
5415 34000 2048
9411 69644 4096
3420 35704 2048
1429 35752 2048
9412 36192 2048
5416 60240 4096
7432 71092 4096
3421 60268 4096
1430 33672 2048
5417 35344 2048
1431 31872 2048
9413 78736 4096
7433 58400 4096
3422 74700 4096
5418 35372 2048
1432 36180 2048
9414 35400 2048
3423 36124 2048
5419 21496 2048
7434 69724 4096
1433 60304 4096
5420 36020 2048
9415 71336 4096
3424 60324 4096
7435 71396 4096
1434 59996 4096
5421 60296 4096
9416 56372 4096
7436 35656 2048
3425 71496 4096
1435 35760 2048
7437 35824 2048
5422 60324 4096
3426 35940 2048
9417 59948 4096
1436 34376 2048
5423 27104 2048
7438 35864 2048
9418 34092 2048
1437 35380 2048
3427 78624 4096
5424 35768 2048
7439 60176 4096
9419 60280 4096
3428 35804 2048
1438 74720 4096
5425 36100 2048
9420 36184 2048
3429 35784 2048
5426 36012 2048
7440 77540 4096
1439 59984 4096
9421 36152 2048
5427 35984 2048
7441 35832 2048
9422 5272 512
3430 70856 4096
1440 70748 4096
5428 27172 2048
7442 32060 2048
3431 32164 2048
9423 60356 4096
1441 32072 2048
5429 35700 2048
3432 15912 1024
7443 60248 4096
1442 35428 2048
5430 35412 2048
3433 35888 2048
9424 71416 4096
1443 36196 2048
3434 36084 2048
7444 70556 4096
9425 35276 2048
5431 71260 4096
3435 26996 2048
1444 36172 2048
7445 36036 2048
9426 71416 4096
3436 36116 2048
5432 60348 4096
1445 35416 2048
7446 60328 4096
3437 36204 2048
1446 36148 2048
5433 35764 2048
9427 58700 4096
7447 36076 2048
5434 35328 2048
3438 36128 2048
9428 36132 2048
1447 76368 4096
3439 27112 2048
5435 35172 2048
7448 74116 4096
9429 32076 2048
1448 36124 2048
3440 35356 2048
7449 36048 2048
5436 36064 2048
9430 60108 4096
7450 27092 2048
3441 36108 2048
5437 36168 2048
1449 71408 4096
9431 35980 2048
5438 36172 2048
7451 60112 4096
3442 59560 4096
9432 36088 2048
1450 58696 4096
7452 26376 2048
3443 35908 2048
9433 27088 2048
5439 60268 4096
1451 59656 4096
7453 36000 2048
9434 36084 2048
5440 36136 2048
3444 60248 4096
1452 36108 2048
9435 35700 2048
5441 34268 2048
7454 60424 4096
3445 26928 2048
1453 26636 2048
9436 36024 2048
3446 36164 2048
5442 58152 4096
7455 60164 4096
9437 36168 2048
1454 71456 4096
7456 16080 1024
5443 35968 2048
3447 77892 4096
9438 31680 2048
7457 35308 2048
1455 59680 4096
5444 35892 2048
3448 36188 2048
9439 36144 2048
1456 36100 2048
9440 15780 1024
7458 75484 4096
5445 76444 4096
3449 60344 4096
7459 13340 1024
1457 36184 2048
9441 35416 2048
5446 36140 2048
3450 35804 2048
1458 35724 2048
9442 35720 2048
7460 49508 4096
5447 35380 2048
3451 36148 2048
1459 36144 2048
7461 36156 2048
9443 70992 4096
1460 36060 2048
5448 60104 4096
3452 51000 4096
7462 36080 2048
1461 34980 2048
5449 35324 2048
9444 71216 4096
7463 35452 2048
3453 60264 4096
1462 36212 2048
5450 35764 2048
9445 36148 2048
7464 36172 2048
1463 36088 2048
3454 75484 4096
5451 59836 4096
7465 59404 4096
9446 60292 4096
1464 35336 2048
3455 35152 2048
5452 36096 2048
7466 30316 2048
1465 34316 2048
3456 36092 2048
9447 71424 4096
7467 35404 2048
5453 60420 4096
1466 36080 2048
3457 36132 2048
9448 35860 2048
7468 35180 2048
3458 16040 1024
9449 16008 1024
5454 35404 2048
1467 35308 2048
7469 35792 2048
3459 36196 2048
9450 35416 2048
1468 36196 2048
5455 59968 4096
7470 36124 2048
1469 15900 1024
3460 36168 2048
9451 59456 4096
5456 36068 2048
7471 36072 2048
1470 35792 2048
3461 35280 2048
9452 35888 2048
3462 27096 2048
5457 60264 4096
7472 70592 4096
1471 75604 4096
9453 60420 4096
5458 36192 2048
7473 36032 2048
3463 71456 4096
1472 36016 2048
5459 36032 2048
9454 60224 4096
7474 60348 4096
3464 76420 4096
1473 77652 4096
5460 71396 4096
7475 35584 2048
9455 76444 4096
3465 35848 2048
1474 34260 2048
9456 16052 1024
7476 35864 2048
5461 36064 2048
1475 34300 2048
3466 70612 4096
5462 35764 2048
9457 71076 4096
7477 60312 4096
1476 36096 2048
3467 36184 2048
9458 32156 2048
7478 35796 2048
5463 60344 4096
1477 78708 4096
9459 34252 2048
3468 60324 4096
5464 36080 2048
7479 60136 4096
3469 36140 2048
5465 35760 2048
1478 71092 4096
9460 69680 4096
7480 59360 4096
3470 60188 4096
5466 70916 4096
1479 70672 4096
9461 56132 4096
9462 10416 1024
7481 71444 4096
1480 36048 2048
3471 58628 4096
5467 73888 4096
9463 34328 2048
7482 60300 4096
3472 35352 2048
1481 60244 4096
9464 36104 2048
5468 56344 4096
3473 35204 2048
1482 35772 2048
7483 78424 4096
5469 27068 2048
9465 78608 4096
5470 15364 1024
1483 35372 2048
3474 60268 4096
7484 36036 2048
1484 35772 2048
7485 27056 2048
9466 59880 4096
3475 60276 4096
5471 71436 4096
1485 36076 2048
7486 30424 2048
9467 36128 2048
3476 59884 4096
5472 60356 4096
7487 36148 2048
1486 60444 4096
9468 60136 4096
5473 33468 2048
3477 71500 4096
1487 36156 2048
7488 78484 4096
9469 36052 2048
5474 27064 2048
1488 35392 2048
7489 35996 2048
9470 57840 4096
3478 73980 4096
5475 59640 4096
7490 35096 2048
9471 36152 2048
5476 27100 2048
1489 76348 4096
3479 36124 2048
5477 32104 2048
9472 34444 2048
7491 78436 4096
1490 60248 4096
3480 74272 4096
9473 33560 2048
5478 36056 2048
1491 35436 2048
3481 35408 2048
7492 77988 4096
9474 35468 2048
5479 35288 2048
3482 35100 2048
1492 58316 4096
7493 59884 4096
9475 59980 4096
5480 60312 4096
3483 71360 4096
7494 35384 2048
5481 27056 2048
9476 36148 2048
1493 71348 4096
7495 36072 2048
9477 35800 2048
1494 36136 2048
3484 71348 4096
5482 73952 4096
7496 35852 2048
9478 36108 2048
1495 35412 2048
5483 32080 2048
9479 16024 1024
3485 60288 4096
7497 36176 2048
1496 34304 2048
5484 36028 2048
3486 36020 2048
7498 36092 2048
9480 60236 4096
1497 36080 2048
5485 70720 4096
9481 60320 4096
3487 77668 4096
7499 76376 4096
1498 71368 4096
5486 16020 1024
9482 35412 2048
3488 35396 2048
7500 36060 2048
5487 35436 2048
1499 79620 4096
9483 32208 2048
3489 35364 2048
7501 35288 2048
5488 34412 2048
9484 36064 2048
3490 36048 2048
7502 33916 2048
1500 60116 4096
5489 34400 2048
3491 36128 2048
1501 27124 2048
9485 51240 4096
5490 35980 2048
7503 75512 4096
3492 35904 2048
9486 34280 2048
1502 35404 2048
7504 35368 2048
5491 60308 4096
1503 27148 2048
9487 35772 2048
7505 36140 2048
3493 71380 4096
5492 36160 2048
1504 36040 2048
7506 36092 2048
5493 36100 2048
3494 35836 2048
9488 71476 4096
1505 35344 2048
9489 36112 2048
7507 57840 4096
1506 36136 2048
3495 60056 4096
5494 71500 4096
9490 36004 2048
7508 32028 2048
1507 36156 2048
3496 34412 2048
5495 36064 2048
1508 36032 2048
3497 35776 2048
7509 56380 4096
5496 36156 2048
9491 71396 4096
1509 35380 2048
9492 27144 2048
7510 35904 2048
5497 36068 2048
3498 71192 4096
1510 36112 2048
9493 71292 4096
7511 60060 4096
3499 36104 2048
5498 71472 4096
1511 33772 2048
7512 35536 2048
9494 35184 2048
5499 35984 2048
1512 30500 2048
3500 70732 4096
9495 32124 2048
7513 36212 2048
5500 27060 2048
1513 60364 4096
3501 60112 4096
5501 35716 2048
9496 71236 4096
7514 76240 4096
5502 36032 2048
1514 59296 4096
3502 60344 4096
7515 36152 2048
9497 71360 4096
1515 36128 2048
5503 59952 4096
3503 60320 4096
9498 35996 2048
7516 59956 4096
1516 70992 4096
5504 74028 4096
7517 36056 2048
3504 60056 4096
9499 60408 4096
1517 34336 2048
5505 36152 2048
7518 36020 2048
3505 35316 2048
9500 36064 2048
7519 36152 2048
1518 71164 4096
5506 60308 4096
3506 71404 4096
9501 60020 4096
7520 36008 2048
5507 32148 2048
9502 27096 2048
1519 71376 4096
3507 35328 2048
7521 34996 2048
5508 60400 4096
1520 34280 2048
3508 36180 2048
9503 56404 4096
7522 36128 2048
1521 35748 2048
5509 35696 2048
3509 36136 2048
9504 36060 2048
7523 36196 2048
5510 35732 2048
1522 60168 4096
3510 59676 4096
9505 60092 4096
7524 60296 4096
5511 36016 2048
1523 16024 1024
9506 35936 2048
3511 60352 4096
1524 35820 2048
5512 36168 2048
7525 70364 4096
9507 36136 2048
3512 35532 2048
1525 60276 4096
5513 60028 4096
9508 36148 2048
7526 60416 4096
3513 33628 2048
5514 71280 4096
1526 77616 4096
9509 60212 4096
7527 59548 4096
3514 59996 4096
1527 36076 2048
5515 60140 4096
7528 60420 4096
9510 75996 4096
3515 60364 4096
5516 36100 2048
1528 60396 4096
7529 35820 2048
3516 57804 4096
9511 71292 4096
5517 36120 2048
7530 56312 4096
1529 71308 4096
5518 34376 2048
9512 59976 4096
3517 71220 4096
1530 35448 2048
5519 36092 2048
7531 76420 4096
9513 35788 2048
3518 35828 2048
1531 35768 2048
5520 35376 2048
9514 35428 2048
3519 34296 2048
7532 70800 4096
1532 76444 4096
5521 78568 4096
9515 60312 4096
3520 60184 4096
7533 60284 4096
1533 36060 2048
3521 35864 2048
5522 57892 4096
7534 34196 2048
9516 60292 4096
3522 35864 2048
1534 71280 4096
5523 60296 4096
7535 59460 4096
3523 15888 1024
9517 77924 4096
1535 51340 4096
7536 60252 4096
3524 60072 4096
5524 69616 4096
1536 34324 2048
9518 76556 4096
3525 36092 2048
5525 36040 2048
1537 33584 2048
9519 34320 2048
7537 77924 4096
3526 35420 2048
9520 36068 2048
5526 78328 4096
1538 71288 4096
7538 60240 4096
9521 32092 2048
3527 60304 4096
7539 27120 2048
5527 71292 4096
1539 67312 4096
3528 35848 2048
9522 60220 4096
7540 34396 2048
5528 35852 2048
1540 36096 2048
3529 27108 2048
9523 35892 2048
5529 36076 2048
3530 36164 2048
7541 67396 4096
9524 35428 2048
1541 70668 4096
5530 35980 2048
3531 35120 2048
7542 36100 2048
1542 32068 2048
9525 55244 4096
5531 31320 2048
3532 35436 2048
7543 35424 2048
1543 34168 2048
9526 36052 2048
5532 36128 2048
3533 36048 2048
7544 35780 2048
1544 35816 2048
9527 26760 2048
5533 35392 2048
7545 35548 2048
3534 36128 2048
9528 32140 2048
5534 36020 2048
3535 34412 2048
7546 36140 2048
1545 76004 4096
9529 36104 2048
5535 36108 2048
7547 36140 2048
3536 58656 4096
1546 60316 4096
9530 59668 4096
5536 56404 4096
3537 35760 2048
7548 59688 4096
1547 36172 2048
9531 36064 2048
5537 36092 2048
3538 60240 4096
1548 60320 4096
9532 32100 2048
7549 67368 4096
5538 35824 2048
3539 36248 2048
5539 35764 2048
1549 59620 4096
9533 59588 4096
7550 79432 4096
3540 59924 4096
5540 36084 2048
1550 35484 2048
9534 34328 2048
7551 36060 2048
3541 36100 2048
5541 34100 2048
9535 36080 2048
7552 36160 2048
1551 59868 4096
3542 60368 4096
5542 59200 4096
7553 36112 2048
1552 35404 2048
9536 59528 4096
3543 34400 2048
1553 31768 2048
5543 66664 4096
3544 15680 1024
7554 76568 4096
9537 70968 4096
1554 60236 4096
5544 36020 2048
7555 36068 2048
9538 36148 2048
1555 16020 1024
3545 71332 4096
5545 36064 2048
9539 32108 2048
1556 36032 2048
3546 26836 2048
7556 77660 4096
5546 35828 2048
7557 36176 2048
9540 70832 4096
3547 60196 4096
1557 60192 4096
5547 71280 4096
9541 36048 2048
7558 59332 4096
1558 59432 4096
3548 71192 4096
5548 36152 2048
7559 36104 2048
9542 71252 4096
3549 34080 2048
1559 71364 4096
5549 75780 4096
9543 35756 2048
7560 36116 2048
1560 35288 2048
3550 58216 4096
5550 35680 2048
9544 36184 2048
7561 35368 2048
1561 35400 2048
9545 36076 2048
7562 35744 2048
3551 60204 4096
5551 60320 4096
1562 35420 2048
3552 35332 2048
9546 36124 2048
7563 35400 2048
5552 60324 4096
3553 36196 2048
7564 36104 2048
1563 59528 4096
9547 71436 4096
5553 36144 2048
3554 36156 2048
7565 60308 4096
9548 35748 2048
1564 76024 4096
3555 35836 2048
5554 59984 4096
7566 36064 2048
9549 32108 2048
1565 35772 2048
3556 60336 4096
9550 26908 2048
1566 36144 2048
7567 59928 4096
5555 71360 4096
9551 35688 2048
1567 36032 2048
7568 35424 2048
3557 69640 4096
9552 34460 2048
5556 76300 4096
1568 36128 2048
3558 35780 2048
7569 59752 4096
9553 35324 2048
1569 35324 2048
5557 56316 4096
9554 35776 2048
3559 79520 4096
7570 60288 4096
1570 60356 4096
5558 60064 4096
3560 32128 2048
7571 35728 2048
9555 70748 4096
7572 12016 1024
1571 32124 2048
5559 35780 2048
3561 35948 2048
9556 35344 2048
1572 36168 2048
5560 32116 2048
3562 35896 2048
7573 71444 4096
9557 36144 2048
1573 30348 2048
3563 36068 2048
5561 71508 4096
7574 60396 4096
3564 36188 2048
1574 60368 4096
9558 71300 4096
7575 35892 2048
5562 60380 4096
1575 35980 2048
9559 34444 2048
3565 51176 4096
9560 15888 1024
5563 34068 2048
1576 35784 2048
3566 35928 2048
7576 74716 4096
9561 51224 4096
1577 35724 2048
5564 60316 4096
3567 36064 2048
7577 36164 2048
9562 36148 2048
5565 32180 2048
3568 36188 2048
7578 36084 2048
1578 60320 4096
3569 34440 2048
9563 60280 4096
7579 60360 4096
5566 76436 4096
1579 59980 4096
3570 36100 2048
7580 36108 2048
5567 35248 2048
1580 34940 2048
9564 79596 4096
3571 60264 4096
9565 36232 2048
7581 59992 4096
1581 59976 4096
5568 59864 4096
3572 35348 2048
9566 36048 2048
7582 35772 2048
3573 36032 2048
5569 71116 4096
1582 71052 4096
9567 35484 2048
7583 35780 2048
1583 36208 2048
5570 50620 4096
9568 35740 2048
3574 70640 4096
7584 60360 4096
9569 16020 1024
5571 36124 2048
1584 60332 4096
3575 35988 2048
7585 36008 2048
9570 60364 4096
5572 59944 4096
1585 71596 4096
9571 27060 2048
3576 74124 4096
7586 59196 4096
5573 58480 4096
9572 60112 4096
1586 71096 4096
7587 60308 4096
3577 76496 4096
1587 26768 2048
5574 60372 4096
9573 36024 2048
3578 32156 2048
7588 60360 4096
5575 36100 2048
9574 35876 2048
1588 51184 4096
3579 35952 2048
7589 36064 2048
5576 16068 1024
9575 36136 2048
3580 59592 4096
1589 79292 4096
7590 59588 4096
5577 60316 4096
9576 35824 2048
3581 36128 2048
1590 36112 2048
7591 36096 2048
9577 34428 2048
5578 60380 4096
3582 60360 4096
7592 56360 4096
5579 34068 2048
1591 77600 4096
9578 71328 4096
5580 25576 2048
3583 70556 4096
7593 75668 4096
1592 71392 4096
5581 35880 2048
9579 70988 4096
3584 36144 2048
1593 16020 1024
7594 36060 2048
9580 34956 2048
5582 36180 2048
1594 35416 2048
3585 60328 4096
7595 75580 4096
9581 58712 4096
5583 60156 4096
1595 78328 4096
7596 36128 2048
3586 79260 4096
9582 35520 2048
5584 60120 4096
1596 36108 2048
7597 35860 2048
9583 34288 2048
3587 59280 4096
5585 34368 2048
1597 36132 2048
7598 34272 2048
9584 35516 2048
3588 59348 4096
5586 59980 4096
1598 60164 4096
7599 58300 4096
9585 56500 4096
3589 36156 2048
5587 36064 2048
7600 32068 2048
9586 35664 2048
1599 60352 4096
3590 34916 2048
5588 36108 2048
9587 36068 2048
3591 35788 2048
7601 71120 4096
5589 35820 2048
1600 78772 4096
9588 35332 2048
3592 35336 2048
5590 36172 2048
1601 35640 2048
7602 71324 4096
9589 36116 2048
5591 27112 2048
1602 36136 2048
3593 77740 4096
9590 36124 2048
7603 59796 4096
5592 36068 2048
3594 36132 2048
9591 36056 2048
1603 70612 4096
7604 60040 4096
5593 59592 4096
9592 32108 2048
3595 35400 2048
1604 35720 2048
7605 34364 2048
3596 36140 2048
5594 51308 4096
9593 71280 4096
7606 35840 2048
1605 77844 4096
5595 27052 2048
3597 36120 2048
7607 35812 2048
1606 36216 2048
9594 59772 4096
5596 59552 4096
3598 60316 4096
7608 60328 4096
9595 60376 4096
5597 36120 2048
1607 71000 4096
3599 56400 4096
7609 36132 2048
5598 35360 2048
1608 60296 4096
3600 35972 2048
9596 69596 4096
7610 36180 2048
5599 59556 4096
3601 35884 2048
1609 60268 4096
9597 58588 4096
7611 35060 2048
3602 33608 2048
5600 60152 4096
1610 36196 2048
9598 36096 2048
7612 34420 2048
5601 36132 2048
9599 35992 2048
3603 69660 4096
7613 59992 4096
1611 60428 4096
5602 36028 2048
3604 34412 2048
1612 35368 2048
9600 74608 4096
5603 26928 2048
7614 71004 4096
3605 35344 2048
1613 36180 2048
9601 36052 2048
5604 35808 2048
7615 35308 2048
3606 34420 2048
1614 35780 2048
5605 36028 2048
9602 60292 4096
7616 60340 4096
1615 36048 2048
3607 76204 4096
5606 32192 2048
9603 36052 2048
1616 36188 2048
7617 51344 4096
5607 31868 2048
3608 76140 4096
1617 36072 2048
7618 35972 2048
9604 71348 4096
5608 71412 4096
3609 35980 2048
1618 36080 2048
9605 36012 2048
7619 60364 4096
5609 35348 2048
9606 36220 2048
3610 69832 4096
1619 71460 4096
7620 36076 2048
5610 35388 2048
9607 35372 2048
7621 36164 2048
1620 35876 2048
3611 60316 4096
3612 5096 512
9608 35184 2048
5611 59976 4096
7622 35512 2048
1621 60192 4096
3613 35384 2048
5612 35096 2048
7623 35336 2048
9609 59504 4096
5613 35920 2048
1622 60388 4096
7624 32132 2048
3614 71484 4096
9610 36124 2048
5614 35740 2048
7625 36164 2048
3615 35568 2048
1623 57892 4096
9611 60016 4096
5615 27056 2048
7626 35852 2048
1624 35732 2048
9612 36152 2048
3616 77712 4096
7627 36068 2048
5616 59580 4096
1625 35452 2048
9613 32116 2048
7628 36056 2048
5617 35924 2048
3617 60324 4096
1626 76356 4096
9614 59564 4096
5618 35976 2048
3618 35808 2048
7629 60224 4096
1627 36024 2048
3619 35752 2048
5619 60260 4096
9615 71332 4096
7630 60312 4096
1628 35708 2048
3620 32072 2048
5620 32116 2048
9616 35956 2048
1629 35416 2048
3621 35760 2048
7631 77960 4096
9617 36068 2048
5621 35716 2048
3622 35988 2048
1630 60316 4096
7632 36112 2048
9618 36132 2048
5622 36064 2048
1631 35832 2048
9619 35768 2048
3623 71104 4096
7633 59496 4096
5623 60212 4096
3624 34304 2048
1632 60380 4096
9620 59496 4096
7634 60340 4096
5624 59536 4096
1633 16052 1024
3625 34992 2048
9621 60380 4096
5625 33568 2048
1634 35768 2048
7635 60144 4096
3626 60204 4096
9622 35176 2048
1635 35152 2048
5626 51324 4096
7636 60296 4096
3627 67396 4096
9623 65684 4096
1636 71168 4096
5627 74720 4096
7637 59992 4096
3628 35444 2048
1637 36132 2048
9624 60340 4096
5628 35692 2048
7638 35856 2048
3629 35344 2048
1638 36080 2048
5629 58516 4096
9625 77968 4096
7639 58576 4096
1639 36044 2048
3630 60248 4096
5630 32176 2048
9626 35860 2048
7640 36180 2048
1640 35092 2048
3631 71284 4096
7641 36056 2048
5631 70312 4096
3632 21484 2048
9627 76336 4096
1641 76176 4096
5632 36124 2048
9628 32336 2048
7642 70204 4096
1642 36132 2048
3633 59300 4096
5633 31832 2048
9629 36152 2048
7643 35736 2048
5634 35764 2048
1643 71340 4096
3634 60364 4096
9630 27112 2048
7644 71512 4096
3635 32040 2048
5635 36116 2048
1644 35184 2048
9631 30508 2048
3636 36132 2048
1645 36092 2048
9632 36076 2048
7645 60188 4096
5636 71424 4096
3637 35340 2048
9633 36104 2048
7646 35208 2048
1646 60280 4096
3638 36020 2048
5637 69408 4096
9634 35344 2048
1647 35796 2048
7647 60324 4096
3639 27076 2048
1648 36136 2048
9635 60320 4096
5638 73924 4096
7648 36052 2048
3640 36056 2048
9636 35880 2048
1649 60448 4096
7649 59960 4096
5639 59868 4096
3641 60240 4096
9637 35800 2048
1650 35364 2048
3642 35812 2048
7650 67092 4096
5640 60260 4096
9638 35852 2048
5641 15692 1024
3643 35808 2048
7651 35852 2048
1651 78384 4096
9639 36072 2048
5642 35564 2048
3644 35100 2048
1652 36008 2048
7652 60012 4096
9640 76572 4096
5643 60268 4096
3645 71432 4096
7653 35800 2048
9641 15908 1024
1653 59844 4096
3646 36104 2048
7654 35872 2048
5644 58592 4096
1654 35836 2048
9642 71352 4096
7655 31956 2048
3647 36048 2048
5645 35888 2048
1655 60200 4096
7656 35920 2048
3648 35848 2048
5646 36096 2048
9643 69568 4096
7657 35808 2048
5647 36128 2048
1656 70520 4096
9644 36092 2048
3649 68640 4096
7658 35820 2048
5648 35692 2048
9645 59584 4096
1657 71156 4096
7659 36116 2048
3650 71032 4096
5649 34312 2048
1658 35452 2048
7660 35104 2048
9646 60144 4096
3651 36120 2048
5650 79196 4096
1659 35376 2048
7661 35884 2048
3652 36080 2048
9647 56332 4096
1660 36184 2048
5651 60344 4096
7662 60212 4096
3653 59768 4096
9648 74340 4096
5652 35936 2048
1661 60168 4096
3654 36096 2048
7663 60000 4096
9649 70996 4096
3655 34020 2048
5653 60424 4096
7664 35856 2048
1662 69652 4096
9650 35800 2048
3656 36028 2048
5654 36164 2048
1663 36200 2048
7665 59888 4096
9651 35456 2048
3657 35168 2048
5655 60152 4096
7666 36136 2048
1664 78640 4096
9652 34020 2048
3658 36116 2048
5656 32112 2048
1665 15680 1024
7667 35792 2048
9653 36200 2048
3659 35780 2048
5657 27100 2048
1666 35356 2048
7668 58464 4096
5658 35980 2048
3660 60388 4096
9654 69584 4096
1667 60152 4096
7669 32116 2048
3661 36036 2048
5659 60148 4096
9655 60368 4096
3662 31428 2048
1668 60032 4096
7670 60268 4096
5660 34392 2048
9656 34420 2048
1669 36144 2048
3663 36088 2048
9657 34404 2048
7671 71412 4096
5661 60296 4096
1670 35052 2048
3664 59968 4096
9658 32180 2048
7672 36124 2048
5662 36100 2048
1671 60284 4096
3665 36164 2048
7673 35816 2048
5663 35060 2048
9659 67404 4096
3666 36136 2048
5664 36064 2048
1672 70652 4096
7674 60236 4096
9660 60292 4096
3667 60344 4096
1673 36108 2048
7675 35572 2048
5665 60436 4096
9661 35820 2048
1674 35388 2048
7676 35304 2048
9662 32124 2048
5666 34392 2048
3668 60396 4096
1675 31880 2048
3669 15936 1024
7677 36084 2048
5667 35832 2048
9663 58616 4096
3670 35984 2048
7678 36112 2048
1676 56332 4096
5668 35940 2048
9664 36096 2048
3671 36240 2048
7679 35820 2048
1677 36068 2048
5669 35488 2048
3672 36104 2048
9665 76444 4096
5670 35004 2048
7680 78352 4096
1678 71300 4096
9666 36056 2048
5671 35396 2048
3673 70992 4096
1679 36144 2048
7681 56424 4096
5672 34096 2048
3674 33596 2048
9667 60100 4096
7682 36168 2048
1680 56280 4096
5673 35144 2048
3675 35856 2048
7683 36084 2048
9668 73852 4096
3676 36148 2048
1681 59948 4096
5674 71368 4096
7684 27104 2048
9669 36220 2048
1682 35456 2048
5675 35796 2048
7685 35800 2048
3677 60252 4096
9670 60348 4096
1683 36132 2048
5676 32092 2048
7686 60368 4096
3678 59980 4096
1684 35784 2048
5677 36120 2048
9671 60160 4096
3679 36068 2048
1685 35092 2048
5678 31956 2048
7687 60136 4096
9672 35048 2048
3680 36076 2048
5679 31992 2048
9673 36120 2048
1686 71016 4096
7688 60268 4096
5680 36168 2048
3681 71408 4096
1687 27016 2048
9674 60196 4096
7689 60208 4096
5681 36040 2048
1688 35792 2048
3682 36140 2048
7690 32144 2048
9675 74660 4096
1689 35360 2048
5682 56328 4096
3683 36108 2048
7691 35296 2048
5683 33984 2048
1690 36152 2048
3684 35356 2048
9676 51252 4096
7692 58596 4096
1691 35356 2048
5684 36028 2048
9677 35952 2048
3685 71272 4096
7693 35020 2048
9678 15300 1024
5685 36192 2048
1692 56424 4096
3686 60068 4096
5686 36104 2048
9679 71268 4096
7694 78420 4096
1693 78368 4096
5687 35400 2048
9680 36120 2048
7695 35392 2048
3687 71040 4096
1694 36104 2048
3688 36096 2048
5688 71348 4096
9681 71412 4096
7696 71428 4096
1695 59464 4096
5689 36156 2048
3689 53876 4096
9682 69616 4096
7697 60320 4096
1696 35376 2048
5690 34088 2048
3690 60212 4096
7698 26972 2048
9683 36224 2048
1697 35788 2048
5691 35968 2048
9684 23116 2048
7699 35196 2048
1698 36148 2048
3691 60264 4096
9685 35724 2048
5692 77656 4096
7700 60312 4096
1699 60348 4096
3692 60060 4096
5693 35540 2048
7701 35920 2048
9686 60400 4096
1700 60272 4096
7702 36016 2048
3693 74420 4096
5694 51332 4096
9687 35928 2048
1701 35160 2048
7703 36136 2048
5695 36072 2048
9688 36140 2048
3694 75732 4096
1702 34320 2048
9689 35448 2048
5696 36152 2048
7704 78408 4096
9690 32080 2048
3695 60144 4096
5697 36176 2048
1703 60116 4096
5698 35688 2048
7705 58516 4096
1704 35700 2048
9691 51172 4096
3696 59884 4096
7706 36080 2048
1705 36248 2048
9692 35404 2048
5699 60376 4096
3697 59708 4096
7707 34984 2048
9693 35200 2048
5700 35408 2048
1706 58532 4096
7708 27084 2048
9694 35400 2048
3698 71432 4096
5701 35128 2048
7709 36040 2048
1707 59392 4096
9695 59736 4096
3699 60340 4096
5702 59320 4096
7710 59980 4096
1708 78356 4096
3700 35976 2048
9696 60180 4096
7711 29756 2048
5703 73936 4096
3701 36140 2048
1709 59316 4096
9697 60244 4096
7712 59936 4096
3702 36144 2048
1710 32092 2048
5704 60304 4096
3703 32232 2048
1711 32112 2048
9698 74632 4096
7713 78316 4096
5705 59564 4096
9699 15928 1024
3704 34436 2048
7714 34296 2048
1712 71404 4096
9700 35852 2048
5706 77680 4096
3705 77908 4096
7715 70496 4096
5707 36028 2048
1713 79164 4096
9701 70852 4096
3706 79268 4096
1714 35416 2048
7716 60256 4096
5708 74672 4096
9702 60308 4096
7717 36136 2048
1715 36184 2048
5709 35688 2048
9703 36008 2048
3707 73956 4096
1716 60292 4096
9704 35960 2048
7718 74604 4096
3708 35732 2048
5710 60396 4096
1717 36148 2048
9705 36168 2048
7719 35808 2048
5711 35820 2048
3709 60312 4096
1718 36132 2048
9706 36152 2048
7720 71312 4096
5712 59592 4096
3710 60204 4096
9707 35376 2048
1719 60364 4096
7721 60280 4096
5713 59952 4096
3711 60192 4096
1720 36072 2048
9708 60316 4096
7722 36164 2048
5714 59556 4096
9709 58016 4096
1721 69476 4096
3712 76464 4096
7723 36020 2048
9710 36140 2048
1722 36160 2048
5715 60460 4096
7724 34380 2048
3713 77764 4096
9711 35636 2048
1723 35048 2048
5716 36076 2048
7725 76052 4096
5717 36132 2048
3714 70660 4096
9712 69312 4096
1724 71404 4096
7726 36108 2048
5718 36040 2048
9713 35948 2048
1725 35300 2048
3715 59620 4096
5719 27024 2048
7727 77936 4096
3716 35952 2048
9714 60336 4096
1726 60312 4096
5720 60236 4096
5721 5184 512
3717 35204 2048
9715 36068 2048
1727 34500 2048
7728 60376 4096
5722 35732 2048
1728 35852 2048
7729 36188 2048
3718 58568 4096
9716 69732 4096
5723 35948 2048
7730 35400 2048
9717 31856 2048
5724 36084 2048
1729 76064 4096
3719 74672 4096
9718 36104 2048
7731 60288 4096
5725 35520 2048
1730 36044 2048
3720 35976 2048
9719 35980 2048
7732 36028 2048
1731 36132 2048
3721 36040 2048
5726 58712 4096
9720 35800 2048
1732 36128 2048
3722 34420 2048
7733 70848 4096
9721 36216 2048
5727 78848 4096
1733 59308 4096
3723 60204 4096
9722 36136 2048
7734 75804 4096
1734 36124 2048
3724 36016 2048
5728 70660 4096
9723 35944 2048
7735 36000 2048
1735 26812 2048
3725 35196 2048
5729 32112 2048
9724 35756 2048
7736 36220 2048
1736 36156 2048
3726 56368 4096
9725 36128 2048
7737 26856 2048
5730 71472 4096
1737 58752 4096
3727 35456 2048
5731 36144 2048
9726 77568 4096
7738 70680 4096
1738 36032 2048
5732 36280 2048
3728 74652 4096
9727 36072 2048
7739 35352 2048
1739 60276 4096
3729 34428 2048
9728 36048 2048
5733 60280 4096
7740 32236 2048
1740 36156 2048
9729 35192 2048
7741 35828 2048
3730 60092 4096
5734 71352 4096
1741 36192 2048
9730 36100 2048
7742 35744 2048
3731 36096 2048
1742 36128 2048
9731 36168 2048
5735 59964 4096
7743 36052 2048
3732 50520 4096
5736 35264 2048
7744 34892 2048
1743 71456 4096
9732 59952 4096
5737 36132 2048
3733 77728 4096
7745 73732 4096
9733 60204 4096
1744 77448 4096
3734 36188 2048
5738 60384 4096
9734 36144 2048
7746 78436 4096
1745 75484 4096
5739 35820 2048
3735 77824 4096
9735 60288 4096
7747 36196 2048
5740 35988 2048
3736 35360 2048
1746 60424 4096
9736 26872 2048
7748 35864 2048
3737 35756 2048
1747 35428 2048
5741 74268 4096
9737 35840 2048
7749 35308 2048
3738 60092 4096
1748 59344 4096
7750 36040 2048
9738 58508 4096
5742 60240 4096
3739 36136 2048
1749 36072 2048
9739 36140 2048
7751 59360 4096
5743 77516 4096
9740 34976 2048
7752 36108 2048
1750 69568 4096
3740 76564 4096
5744 59576 4096
9741 36044 2048
7753 36132 2048
3741 60456 4096
1751 70728 4096
5745 59892 4096
9742 60352 4096
7754 59976 4096
3742 35832 2048
1752 35976 2048
5746 35972 2048
9743 34272 2048
7755 35988 2048
3743 34872 2048
1753 59716 4096
5747 56160 4096
7756 36088 2048
9744 71100 4096
3744 59320 4096
1754 74248 4096
9745 31740 2048
7757 58284 4096
5748 59368 4096
3745 60292 4096
9746 32068 2048
7758 36124 2048
1755 70676 4096
3746 35452 2048
5749 71164 4096
9747 36088 2048
7759 36156 2048
1756 32128 2048
3747 35128 2048
5750 36096 2048
9748 34256 2048
7760 35124 2048
5751 27108 2048
3748 34352 2048
1757 70296 4096
7761 36136 2048
9749 60136 4096
3749 26360 2048
5752 36064 2048
9750 36120 2048
1758 71428 4096
7762 60176 4096
5753 35956 2048
3750 58592 4096
9751 36056 2048
7763 34380 2048
3751 36168 2048
5754 56056 4096
1759 70916 4096
5755 16080 1024
7764 36180 2048
9752 76264 4096
1760 51276 4096
3752 59564 4096
7765 34392 2048
5756 59424 4096
1761 35728 2048
5757 6996 512
3753 36028 2048
9753 70504 4096
7766 36112 2048
5758 36112 2048
9754 35784 2048
1762 59964 4096
3754 60276 4096
7767 59992 4096
5759 36048 2048
9755 36116 2048
1763 32048 2048
3755 36132 2048
7768 35472 2048
5760 35160 2048
1764 35932 2048
3756 35664 2048
9756 71460 4096
1765 32128 2048
7769 76168 4096
3757 36224 2048
5761 71400 4096
9757 36088 2048
7770 27016 2048
1766 35936 2048
3758 36168 2048
1767 35372 2048
9758 60084 4096
5762 78272 4096
3759 32088 2048
7771 71532 4096
1768 76408 4096
9759 74720 4096
5763 77672 4096
7772 60228 4096
3760 73928 4096
5764 36192 2048
9760 36132 2048
3761 36076 2048
7773 36116 2048
1769 56244 4096
5765 36208 2048
3762 36156 2048
7774 32128 2048
1770 36120 2048
9761 60060 4096
5766 35688 2048
7775 32180 2048
3763 36032 2048
9762 35880 2048
1771 59244 4096
3764 31932 2048
9763 35212 2048
7776 60332 4096
5767 77732 4096
3765 36008 2048
1772 78632 4096
7777 60308 4096
9764 76340 4096
5768 60320 4096
3766 76456 4096
1773 60288 4096
7778 36132 2048
9765 36060 2048
5769 56376 4096
3767 35116 2048
7779 36124 2048
1774 71444 4096
9766 71096 4096
3768 36096 2048
5770 60216 4096
7780 60148 4096
9767 36096 2048
3769 31900 2048
1775 71396 4096
5771 34260 2048
3770 35532 2048
9768 36152 2048
1776 34436 2048
5772 36176 2048
7781 71404 4096
1777 35380 2048
3771 60280 4096
9769 73932 4096
5773 71404 4096
7782 60140 4096
3772 36160 2048
1778 59896 4096
9770 36100 2048
5774 35876 2048
7783 35992 2048
3773 15312 1024
7784 15872 1024
1779 35756 2048
3774 26348 2048
5775 60320 4096
9771 73984 4096
7785 36144 2048
1780 35536 2048
3775 35972 2048
9772 36068 2048
5776 59496 4096
1781 36100 2048
7786 59572 4096
3776 51256 4096
5777 32124 2048
1782 35344 2048
9773 60304 4096
7787 51280 4096
1783 16024 1024
3777 36148 2048
9774 36136 2048
5778 57980 4096
7788 34380 2048
1784 36124 2048
9775 23128 2048
3778 58636 4096
5779 27120 2048
7789 35224 2048
1785 60296 4096
3779 35684 2048
5780 36188 2048
9776 60260 4096
7790 35440 2048
3780 35412 2048
5781 35912 2048
9777 36060 2048
1786 59712 4096
7791 36244 2048
3781 35676 2048
9778 36116 2048
5782 60180 4096
7792 35856 2048
1787 77652 4096
9779 36108 2048
3782 60088 4096
5783 35064 2048
9780 36132 2048
7793 71024 4096
3783 36128 2048
5784 35728 2048
1788 60024 4096
9781 36184 2048
7794 36112 2048
3784 35468 2048
1789 35772 2048
5785 60336 4096
7795 36120 2048
3785 36204 2048
1790 35900 2048
9782 59600 4096
7796 36172 2048
5786 71468 4096
1791 35776 2048
9783 34420 2048
3786 59576 4096
1792 36152 2048
9784 35388 2048
7797 71448 4096
5787 71396 4096
3787 60180 4096
1793 36200 2048
9785 32128 2048
7798 51344 4096
5788 60360 4096
3788 60356 4096
9786 60392 4096
1794 75760 4096
5789 36124 2048
3789 27096 2048
7799 71336 4096
1795 36008 2048
9787 71484 4096
5790 60340 4096
3790 70600 4096
7800 58528 4096
1796 36156 2048
9788 36100 2048
5791 32160 2048
7801 32116 2048
3791 35772 2048
1797 35392 2048
5792 36096 2048
9789 67392 4096
3792 51276 4096
1798 36096 2048
7802 54580 4096
3793 16000 1024
7803 35452 2048
5793 78816 4096
1799 60360 4096
9790 75892 4096
3794 71408 4096
9791 34416 2048
5794 60324 4096
7804 77624 4096
1800 59648 4096
3795 35088 2048
9792 36192 2048
7805 35700 2048
1801 36176 2048
5795 56144 4096
3796 35832 2048
1802 35420 2048
9793 75628 4096
7806 60384 4096
5796 60392 4096
3797 76344 4096
1803 36076 2048
9794 35796 2048
7807 60208 4096
5797 59884 4096
3798 35916 2048
1804 51252 4096
9795 77668 4096
7808 79472 4096
1805 35292 2048
3799 60268 4096
5798 71396 4096
9796 35808 2048
7809 32184 2048
1806 35876 2048
3800 35888 2048
5799 36204 2048
9797 59984 4096
1807 35404 2048
3801 36248 2048
7810 59952 4096
5800 60348 4096
1808 32140 2048
7811 35376 2048
3802 51404 4096
9798 75628 4096
5801 35320 2048
1809 35364 2048
5802 36028 2048
7812 59944 4096
9799 59340 4096
3803 71100 4096
1810 79300 4096
5803 34424 2048
3804 36080 2048
7813 67280 4096
9800 58436 4096
1811 35336 2048
3805 36024 2048
7814 27100 2048
5804 59240 4096
9801 33988 2048
1812 69636 4096
5805 35808 2048
9802 35440 2048
7815 59936 4096
3806 59976 4096
5806 35844 2048
9803 36084 2048
1813 60284 4096
3807 36052 2048
7816 60052 4096
5807 36216 2048
1814 36128 2048
3808 35772 2048
9804 60276 4096
5808 36140 2048
7817 59864 4096
1815 75652 4096
3809 77488 4096
7818 36132 2048
5809 35828 2048
9805 75816 4096
5810 36008 2048
9806 36092 2048
7819 60364 4096
3810 71320 4096
1816 71264 4096
1817 27144 2048
3811 35800 2048
7820 36068 2048
5811 71040 4096
9807 58608 4096
1818 36092 2048
7821 35972 2048
3812 35832 2048
9808 35852 2048
5812 58600 4096
1819 36036 2048
7822 36084 2048
9809 36148 2048
3813 71112 4096
5813 35932 2048
1820 36068 2048
7823 36032 2048
9810 36004 2048
3814 35844 2048
5814 36084 2048
7824 36140 2048
9811 35384 2048
1821 70656 4096
3815 36172 2048
7825 36064 2048
5815 60196 4096
9812 35744 2048
3816 35904 2048
1822 71412 4096
7826 36096 2048
5816 35988 2048
9813 35864 2048
5817 30452 2048
7827 36156 2048
3817 79536 4096
1823 78676 4096
5818 27040 2048
9814 59980 4096
7828 35656 2048
3818 60280 4096
1824 35708 2048
5819 34364 2048
7829 35416 2048
9815 74660 4096
3819 36060 2048
1825 33568 2048
7830 31432 2048
5820 76384 4096
9816 35932 2048
3820 35476 2048
7831 35988 2048
1826 60284 4096
3821 26384 2048
5821 36080 2048
9817 33568 2048
5822 26988 2048
7832 59336 4096
1827 64908 4096
9818 60312 4096
3822 59636 4096
1828 14324 1024
5823 35492 2048
3823 33972 2048
7833 60296 4096
1829 35092 2048
9819 78020 4096
5824 60268 4096
1830 35772 2048
7834 60388 4096
3824 79424 4096
5825 34328 2048
9820 59624 4096
1831 36140 2048
3825 32100 2048
9821 15624 1024
7835 59632 4096
1832 35820 2048
5826 59612 4096
3826 35820 2048
9822 35648 2048
5827 15976 1024
1833 36140 2048
3827 16036 1024
7836 71440 4096
5828 32120 2048
9823 35264 2048
1834 35928 2048
3828 35952 2048
7837 36164 2048
5829 36152 2048
3829 36044 2048
9824 59948 4096
1835 36124 2048
5830 35772 2048
7838 70336 4096
1836 35772 2048
9825 36160 2048
3830 59516 4096
7839 36128 2048
5831 60020 4096
1837 35792 2048
9826 34272 2048
7840 27192 2048
3831 71448 4096
5832 35808 2048
9827 50980 4096
1838 76052 4096
7841 36176 2048
5833 51188 4096
3832 58536 4096
7842 35928 2048
9828 58644 4096
1839 76512 4096
5834 35128 2048
3833 36168 2048
9829 35908 2048
3834 16036 1024
7843 71332 4096
5835 36216 2048
9830 36160 2048
1840 76376 4096
3835 36072 2048
5836 36132 2048
7844 60248 4096
1841 36164 2048
9831 71404 4096
3836 67560 4096
7845 36120 2048
5837 60016 4096
1842 56240 4096
9832 36104 2048
3837 36076 2048
7846 36072 2048
5838 36068 2048
9833 31408 2048
7847 27144 2048
1843 71152 4096
5839 36152 2048
3838 59976 4096
7848 32100 2048
1844 35428 2048
5840 31864 2048
9834 71436 4096
3839 60172 4096
1845 35380 2048
9835 36144 2048
7849 60076 4096
9836 15016 1024
5841 76516 4096
1846 36144 2048
3840 71164 4096
7850 71116 4096
9837 59912 4096
5842 71344 4096
1847 59984 4096
3841 59692 4096
7851 35776 2048
9838 35916 2048
1848 35320 2048
5843 58676 4096
7852 36120 2048
3842 71360 4096
1849 35884 2048
9839 71492 4096
5844 35672 2048
3843 36088 2048
7853 59600 4096
9840 35848 2048
1850 60428 4096
5845 60348 4096
7854 35776 2048
9841 36052 2048
3844 71356 4096
1851 36168 2048
5846 35288 2048
7855 36092 2048
9842 35616 2048
3845 77608 4096
1852 71088 4096
5847 60324 4096
9843 35892 2048
7856 60332 4096
5848 35384 2048
9844 32180 2048
7857 35748 2048
3846 70656 4096
1853 75596 4096
9845 34412 2048
7858 35932 2048
3847 36140 2048
5849 60252 4096
1854 35932 2048
7859 35164 2048
3848 35768 2048
5850 34168 2048
1855 34136 2048
9846 71420 4096
3849 36016 2048
1856 34028 2048
7860 76524 4096
5851 71436 4096
9847 71048 4096
1857 59876 4096
7861 51192 4096
3850 79612 4096
5852 71392 4096
9848 71444 4096
1858 34436 2048
7862 32104 2048
3851 36072 2048
5853 36144 2048
9849 36136 2048
1859 34284 2048
7863 35772 2048
3852 35960 2048
9850 35056 2048
1860 36092 2048
5854 55320 4096
7864 36064 2048
3853 35952 2048
9851 36092 2048
3854 36128 2048
1861 60120 4096
5855 58604 4096
9852 35388 2048
7865 71324 4096
3855 36012 2048
7866 36132 2048
1862 60372 4096
5856 74536 4096
9853 77956 4096
3856 36112 2048
7867 35420 2048
5857 36184 2048
1863 60324 4096
9854 36176 2048
3857 58632 4096
7868 35816 2048
5858 36220 2048
1864 36108 2048
9855 36136 2048
3858 36128 2048
7869 36076 2048
5859 36168 2048
1865 32132 2048
9856 78748 4096
5860 36120 2048
3859 59620 4096
7870 58724 4096
1866 59984 4096
5861 36128 2048
9857 34312 2048
7871 58568 4096
3860 71420 4096
9858 36044 2048
1867 78536 4096
5862 76260 4096
7872 60432 4096
9859 36180 2048
3861 60072 4096
5863 36092 2048
1868 77692 4096
3862 35916 2048
7873 60284 4096
9860 60188 4096
1869 36080 2048
5864 60048 4096
3863 59760 4096
1870 35872 2048
7874 60324 4096
9861 60356 4096
5865 56360 4096
1871 35784 2048
7875 36152 2048
3864 59592 4096
9862 35900 2048
7876 16016 1024
3865 32164 2048
5866 71080 4096
1872 60292 4096
9863 56328 4096
7877 69424 4096
5867 34360 2048
9864 36064 2048
3866 71136 4096
1873 60440 4096
7878 35356 2048
9865 35944 2048
1874 36132 2048
5868 78728 4096
7879 36164 2048
3867 71412 4096
9866 36096 2048
1875 35852 2048
5869 51044 4096
7880 36092 2048
9867 36120 2048
3868 60016 4096
5870 31824 2048
9868 34152 2048
1876 79404 4096
3869 34220 2048
7881 74592 4096
5871 35972 2048
1877 36080 2048
7882 35772 2048
9869 60452 4096
3870 60384 4096
1878 35512 2048
5872 69584 4096
9870 36216 2048
7883 59672 4096
3871 60024 4096
1879 36104 2048
5873 36148 2048
9871 35960 2048
1880 36020 2048
7884 76268 4096
3872 71256 4096
5874 60160 4096
9872 60404 4096
7885 27008 2048
1881 73956 4096
9873 36080 2048
3873 56348 4096
7886 35820 2048
5875 71148 4096
1882 35792 2048
5876 35848 2048
3874 59840 4096
9874 71408 4096
7887 59636 4096
1883 35096 2048
3875 35120 2048
9875 36184 2048
7888 32008 2048
1884 34028 2048
5877 74476 4096
7889 16052 1024
9876 32088 2048
3876 60092 4096
5878 36088 2048
1885 58552 4096
7890 36040 2048
9877 36116 2048
5879 35344 2048
1886 35748 2048
7891 36072 2048
3877 71448 4096
9878 35400 2048
5880 36148 2048
1887 35820 2048
7892 36156 2048
3878 35824 2048
9879 32132 2048
5881 36128 2048
7893 36056 2048
3879 36160 2048
9880 36160 2048
5882 16044 1024
1888 71316 4096
3880 7020 512
7894 35672 2048
9881 35440 2048
5883 36152 2048
1889 59996 4096
3881 59672 4096
7895 36004 2048
9882 36212 2048
1890 36136 2048
3882 36148 2048
5884 76392 4096
7896 71028 4096
9883 60332 4096
1891 36004 2048
3883 35976 2048
5885 36052 2048
7897 35848 2048
9884 36108 2048
1892 36008 2048
3884 59656 4096
5886 60320 4096
9885 35984 2048
7898 59876 4096
1893 60336 4096
3885 27168 2048
5887 59216 4096
9886 60392 4096
7899 71400 4096
5888 36004 2048
3886 71336 4096
1894 76412 4096
9887 36004 2048
7900 35352 2048
5889 36076 2048
1895 35892 2048
3887 36020 2048
9888 36092 2048
3888 15296 1024
5890 32108 2048
7901 59872 4096
9889 36196 2048
1896 76060 4096
3889 35720 2048
5891 35128 2048
3890 35776 2048
1897 36044 2048
7902 77564 4096
9890 70688 4096
5892 36108 2048
1898 51284 4096
7903 35020 2048
9891 36132 2048
5893 35820 2048
3891 75632 4096
1899 16044 1024
9892 35808 2048
5894 35724 2048
3892 35276 2048
7904 76456 4096
5895 36096 2048
1900 70672 4096
9893 51276 4096
3893 36156 2048
5896 35940 2048
7905 71372 4096
3894 36136 2048
9894 56376 4096
1901 78008 4096
5897 35888 2048
7906 35476 2048
9895 55876 4096
3895 69740 4096
5898 26772 2048
7907 36108 2048
1902 76444 4096
3896 34248 2048
7908 34172 2048
1903 35052 2048
5899 70676 4096
9896 71232 4096
3897 36128 2048
5900 35796 2048
7909 60324 4096
1904 58560 4096
9897 60420 4096
3898 35836 2048
5901 36076 2048
3899 33756 2048
7910 71232 4096
1905 74064 4096
5902 35920 2048
9898 77892 4096
1906 15752 1024
3900 36084 2048
5903 36084 2048
7911 69768 4096
9899 56052 4096
3901 60328 4096
1907 76116 4096
7912 36096 2048
5904 60276 4096
9900 60408 4096
3902 35132 2048
7913 36196 2048
1908 71524 4096
5905 60464 4096
9901 36096 2048
7914 36100 2048
3903 59836 4096
1909 35276 2048
5906 33704 2048
7915 36032 2048
9902 60368 4096
1910 36008 2048
3904 75148 4096
9903 26292 2048
7916 36004 2048
5907 71276 4096
1911 31980 2048
9904 32108 2048
3905 60196 4096
7917 35144 2048
1912 35388 2048
5908 60228 4096
3906 36084 2048
7918 36180 2048
9905 50532 4096
1913 36116 2048
5909 36136 2048
3907 36048 2048
1914 14988 1024
9906 35808 2048
5910 23000 2048
7919 75684 4096
3908 35484 2048
9907 35144 2048
1915 60364 4096
7920 34280 2048
5911 71520 4096
3909 35836 2048
9908 60108 4096
1916 35960 2048
5912 35828 2048
7921 71460 4096
3910 58328 4096
9909 27056 2048
1917 79364 4096
3911 27144 2048
9910 34208 2048
7922 35840 2048
5913 71424 4096
3912 32104 2048
7923 35340 2048
5914 36184 2048
1918 59216 4096
9911 60308 4096
3913 32056 2048
7924 35736 2048
5915 36140 2048
1919 35004 2048
9912 36148 2048
7925 35912 2048
5916 36088 2048
3914 58580 4096
9913 36144 2048
1920 59880 4096
5917 32068 2048
3915 35912 2048
7926 59576 4096
9914 60036 4096
5918 34416 2048
1921 75848 4096
3916 36128 2048
7927 70580 4096
5919 36088 2048
3917 35980 2048
9915 69616 4096
1922 54720 4096
7928 36140 2048
3918 36140 2048
9916 35536 2048
5920 59804 4096
7929 35372 2048
1923 76256 4096
3919 35420 2048
9917 60192 4096
5921 59100 4096
7930 36064 2048
1924 35320 2048
3920 35872 2048
9918 36028 2048
5922 31792 2048
3921 36136 2048
1925 56288 4096
7931 70692 4096
5923 34444 2048
1926 16028 1024
3922 35532 2048
9919 74724 4096
7932 36116 2048
5924 35672 2048
9920 36112 2048
3923 35716 2048
1927 59888 4096
7933 35684 2048
5925 27100 2048
7934 15760 1024
5926 15984 1024
9921 35404 2048
1928 58576 4096
3924 73784 4096
5927 35108 2048
7935 60268 4096
9922 60416 4096
3925 35192 2048
1929 60388 4096
5928 59592 4096
7936 36092 2048
9923 60296 4096
7937 15960 1024
3926 56328 4096
1930 60360 4096
5929 55292 4096
9924 36028 2048
7938 35888 2048
1931 35700 2048
3927 71132 4096
9925 34436 2048
5930 74484 4096
7939 60264 4096
1932 27076 2048
3928 35300 2048
9926 34228 2048
1933 35360 2048
5931 60016 4096
3929 35308 2048
7940 71076 4096
9927 36136 2048
1934 35764 2048
5932 35820 2048
3930 35440 2048
7941 35472 2048
9928 35848 2048
5933 36108 2048
1935 59320 4096
3931 36132 2048
9929 32156 2048
7942 60292 4096
1936 36144 2048
3932 35852 2048
5934 75236 4096
7943 34320 2048
9930 77800 4096
3933 32124 2048
1937 60196 4096
5935 32072 2048
9931 35824 2048
7944 60372 4096
3934 35820 2048
5936 59348 4096
9932 36112 2048
7945 36032 2048
1938 67276 4096
3935 59912 4096
1939 34348 2048
5937 60000 4096
9933 71368 4096
3936 35828 2048
7946 79232 4096
1940 57860 4096
9934 36172 2048
7947 36104 2048
5938 74352 4096
3937 60204 4096
9935 35348 2048
7948 36156 2048
5939 36212 2048
1941 60072 4096
3938 59296 4096
7949 15700 1024
1942 36152 2048
9936 60340 4096
1943 6308 512
3939 32112 2048
5940 60304 4096
7950 36044 2048
1944 36088 2048
5941 36112 2048
3940 36088 2048
9937 75448 4096
7951 77840 4096
1945 36112 2048
3941 36156 2048
9938 36092 2048
7952 36128 2048
5942 76364 4096
9939 35796 2048
1946 59528 4096
3942 74028 4096
7953 35852 2048
5943 70560 4096
1947 35428 2048
3943 35744 2048
7954 34324 2048
9940 60320 4096
5944 35840 2048
1948 36288 2048
3944 36140 2048
7955 56236 4096
5945 36148 2048
1949 35900 2048
9941 71064 4096
3945 36100 2048
7956 34476 2048
5946 36184 2048
1950 36132 2048
3946 35756 2048
9942 59940 4096
5947 35384 2048
3947 36136 2048
7957 71404 4096
1951 76464 4096
9943 60284 4096
3948 36200 2048
7958 35112 2048
5948 71380 4096
1952 36108 2048
3949 32092 2048
5949 27164 2048
9944 69708 4096
1953 36020 2048
7959 60352 4096
3950 35708 2048
5950 36124 2048
9945 33736 2048
1954 36116 2048
7960 35432 2048
9946 36112 2048
3951 36144 2048
1955 35536 2048
7961 36148 2048
5951 71132 4096
7962 36056 2048
9947 71400 4096
3952 78688 4096
5952 58556 4096
1956 77796 4096
9948 36092 2048
7963 60048 4096
3953 71468 4096
1957 74764 4096
5953 79408 4096
3954 27020 2048
9949 79484 4096
7964 71364 4096
5954 36036 2048
1958 60040 4096
3955 36104 2048
9950 36140 2048
7965 36084 2048
5955 71408 4096
7966 35444 2048
1959 71448 4096
9951 59576 4096
3956 75688 4096
5956 32228 2048
7967 36108 2048
3957 35824 2048
1960 60292 4096
9952 60288 4096
5957 36140 2048
7968 35952 2048
1961 36124 2048
9953 36140 2048
5958 35308 2048
3958 76448 4096
7969 36156 2048
1962 15724 1024
5959 36168 2048
3959 35324 2048
7970 31472 2048
9954 60296 4096
1963 77716 4096
5960 35556 2048
7971 36024 2048
9955 35892 2048
1964 16012 1024
3960 69768 4096
5961 35396 2048
3961 15788 1024
7972 60132 4096
9956 60312 4096
1965 71344 4096
5962 60248 4096
9957 27096 2048
7973 35776 2048
3962 60240 4096
1966 36108 2048
5963 31924 2048
7974 34060 2048
3963 35348 2048
9958 36072 2048
1967 34056 2048
5964 58524 4096
1968 35844 2048
7975 56352 4096
9959 60124 4096
3964 70512 4096
7976 36144 2048
9960 35784 2048
3965 35880 2048
5965 60216 4096
1969 77860 4096
7977 36124 2048
9961 34044 2048
3966 34076 2048
5966 60168 4096
1970 58508 4096
9962 35400 2048
3967 36108 2048
7978 60416 4096
5967 36068 2048
1971 35352 2048
3968 36140 2048
9963 35080 2048
7979 36092 2048
1972 35996 2048
9964 35768 2048
3969 35796 2048
5968 76452 4096
7980 51268 4096
1973 34272 2048
5969 35760 2048
3970 58600 4096
7981 31952 2048
9965 76140 4096
1974 36176 2048
5970 32072 2048
7982 34312 2048
3971 71376 4096
9966 71352 4096
5971 35332 2048
1975 76264 4096
7983 36136 2048
9967 35368 2048
5972 35908 2048
3972 60196 4096
1976 36132 2048
1977 16064 1024
7984 70964 4096
5973 35016 2048
9968 60160 4096
7985 27044 2048
3973 74616 4096
5974 36216 2048
1978 75748 4096
3974 35772 2048
9969 60348 4096
7986 71372 4096
1979 32100 2048
5975 77736 4096
3975 35368 2048
7987 36100 2048
9970 60384 4096
1980 35884 2048
5976 27092 2048
7988 35944 2048
3976 76192 4096
5977 32100 2048
9971 51204 4096
1981 59560 4096
3977 34444 2048
9972 35420 2048
1982 36056 2048
7989 71504 4096
5978 59160 4096
3978 33644 2048
9973 31952 2048
1983 59428 4096
3979 35880 2048
7990 79688 4096
5979 76436 4096
9974 35652 2048
1984 36048 2048
7991 31752 2048
3980 35932 2048
9975 36200 2048
5980 69692 4096
1985 76368 4096
7992 60364 4096
3981 60300 4096
9976 75364 4096
5981 60148 4096
1986 35444 2048
7993 58200 4096
3982 69412 4096
9977 57760 4096
5982 71360 4096
9978 15908 1024
7994 36024 2048
1987 71240 4096
3983 36056 2048
9979 36104 2048
1988 36108 2048
5983 71424 4096
7995 60320 4096
9980 27076 2048
3984 74412 4096
1989 60368 4096
9981 35760 2048
5984 76360 4096
7996 71456 4096
3985 58592 4096
9982 35364 2048
1990 59564 4096
5985 36112 2048
3986 36092 2048
7997 60360 4096
5986 16080 1024
1991 32140 2048
9983 60080 4096
3987 35828 2048
7998 35488 2048
5987 36140 2048
1992 36140 2048
9984 36156 2048
7999 35852 2048
3988 59424 4096
9985 20388 2048
5988 60320 4096
1993 60252 4096
8000 35992 2048
3989 36212 2048
5989 35852 2048
9986 71364 4096
3990 32008 2048
1994 71444 4096
9987 15996 1024
5990 35960 2048
3991 36120 2048
1995 36124 2048
9988 36128 2048
5991 60256 4096
3992 36208 2048
1996 35888 2048
9989 36168 2048
5992 60312 4096
9990 36024 2048
3993 71352 4096
1997 60428 4096
5993 36156 2048
3994 36172 2048
1998 35736 2048
9991 59504 4096
9992 15972 1024
5994 71476 4096
1999 60328 4096
3995 76296 4096
5995 36156 2048
9993 60308 4096
2000 71348 4096
3996 60352 4096
5996 35160 2048
9994 70716 4096
3997 36120 2048
5997 36020 2048
9995 35372 2048
3998 35044 2048
5998 71440 4096
9996 27096 2048
3999 36204 2048
5999 60408 4096
9997 60164 4096
4000 66588 4096
6000 36072 2048
9998 35056 2048
9999 35976 2048
10000 35880 2048
